Workbook

Sheet 00说明
A1: 《无名圣女》场景—卡牌—变量—结局总表 v0.3
A3: 一、这份工作簿解决什么
A4: 工作表 | B4: 用途
A5: 01知识状态 | B5: 逐场区分玩家、阿芸、阿禾及其他NPC分别知道什么，避免角色越过信息边界。
A6: 02选项编号 | B6: 为普通对话与关键回应分配唯一ID；数值列自动读取07数值索引。
A7: 03_S03卡牌组合 | B7: 列出3人物×3手段×2身份的18种组合，以及关键、普通、冲突与转化反馈。
A8: 04卡牌生命周期 | B8: 记录每张卡何时获得、翻面、被角色拒绝以及最终去向。
A9: 05_S05物品处置 | B9: 明确四件关键物的12种去向和5种终局行动。
A10: 06结局判定 | B10: 固定判定优先级和阈值，避免多个结局同时满足时随机落点。
A11: 07数值索引 | B11: 唯一数值源。后续调整承担、依赖、信任、追捕时只改这一张表。
A12: 08可达路径测试 | B12: 用公式验证每个结局至少有一条路径，并提供极端与边界路线。
A14: 二、四个隐藏变量如何理解
A15: 变量 | B15: 起点 | C15: 高分意味着 | D15: 低分意味着 | E15: 是否向玩家显示
A16: 承担 | B16: 0 | C16: 承认因果，并让证据与资源离开自己控制 | D16: 辩解、切割、继续把成本转给别人 | E16: 不显示
A17: 圣女依赖 | B17: 0 | C17: 越来越习惯用身份、信徒和神谕快速解决问题 | D17: 倾向以普通人身份承担较慢的行动 | E17: 不显示；通过UI华丽程度反馈
A18: 阿禾信任 | B18: 1 | C18: 相信当下的阿芸至少不会再次利用自己 | D18: 认为阿芸仍在控制信息和牺牲别人 | E18: 不显示；通过人物卡可用性反馈
A19: 追捕压力 | B19: 1 | C19: 身份暴露、停留过久，终局更可能死亡 | D19: 行动隐蔽，保留撤离空间 | E19: 不显示；通过马蹄、搜查与音效反馈
A21: 三、修改顺序
A22: 1 | B22: 先在07数值索引调整分值；不要直接改其他表的公式列。
A23: 2 | B23: 再到08可达路径测试查看结局是否仍全部可达。
A24: 4 | B24: 保持六个主场景；河滩/破祠堂、旧救济殿/纸扎铺使用子场景编号，避免既有选项与公式整体错位。
A25: 5 | B25: 原型优先实现S01—S03；S04—S05保留完整数据、对白任务与终局测试。
A26: 6 | B26: 正式对白由用户主笔；本表只规定剧情功能、认知边界、变量结果和禁止越界信息。
A28: 四、v0.3新增工作表
A29: 00A主线剧情节拍 | B29: 串联六个主场景、八个子场景的进入条件、目标、冲突、揭示与出口。
A30: 05A终局分流 | B30: 明确交给阿禾、交给接头人、亲自公开、自行保留四种证据路线。
A31: 08A前置合法性 | B31: 逐步检查接头暗号、阿禾接受条件、佩印条件与弃责条件，避免假PASS。
A32: 09对白写作任务 | B32: 标注用户需要主笔的对白段落、功能、认知边界和禁止写法。
A33: bug整理 | B33: 记录全部建议、评估结果、最终决策及落实位置。

Sheet 01知识状态
A1: 01｜逐场知识状态
A2: 原则：玩家知道≠主角知道；主角知道≠NPC知道。六个主场景可含子场景，所有信息必须有可见来源。
A4: 场次 | B4: 地点 | C4: 玩家当前知道 | D4: 阿芸当前知道 | E4: 阿禾当前知道 | F4: 沈婆当前知道 | G4: 老乞丐当前知道 | H4: 魏先当前知道
A5: S01-A | B5: 河滩 | C5: 阿芸从水中被拖出；一大一小两个身影争论是否救她 | D5: 身体沉重、失去姓名与来历；只能判断两人暂时没有杀意 | E5: 认出落水者仍有气；坚持救人 | F5: 未出场 | G5: 嫌麻烦但没有真正阻止阿禾 | H5: 只知道圣女坠河、藏物不见；尚未确认其生死
A6: S01-B | B6: 破祠堂 | C6: 阿芸失忆；河岸附近出现搜查者；她的呼吸和观察习惯异常熟练 | D6: 知道自己饥饿、受伤、害怕锣鼓与官差；不知道追兵为何而来 | E6: 救下陌生女人；察觉她不像普通流民；询问追兵是否在找她 | F6: 未出场 | G6: 看出她受过训练，只保留怀疑 | H6: 听属下汇报搜索结果，判断她若活着会寻找遮蔽与食物
A7: S02-A | B7: 县城／旧救济殿 | C7: 改址告示压住旧‘赐福供奉’告示；有人持旧粮牌被拒；告示角落有不寻常记号 | D7: 对县城贫困感到意外；不明白自己为何觉得这里本应富庶；对告示改动方式产生身体熟悉感 | E7: 知道沈婆住得偏远，可能不知道改址；疑惑阿芸为何熟悉旧救济殿 | F7: 尚不知道救济点已改；保留刘家旧粮牌 | G7: 认出改址记号与地下传递有关，但只说自己先去新救济点探路 | H7: 魏先判断阿芸若活着可能回旧活动区域，命人盯守新旧救济点
A8: S02-B | B8: 纸扎铺 | C8: 沈婆凭声音、站姿和动作认出阿芸；褪色圣女像仍被当作护佑；沈婆取出刘家旧粮牌 | D8: 怀疑自己与画像和圣女有关；掌握祭仪话术却不知道来源 | E8: 第一次看到沈婆跪拜；听见自己的全名‘刘家禾’与旧粮牌相连；开始警惕阿芸 | F8: 确认阿芸是曾来主持法会的圣女；仍相信她救过孙女 | G8: 不在场；无法通过阿禾描述提前知道纸扎铺发生的事 | H8: 沿河与旧救济殿布置搜查，尚未锁定纸扎铺
A9: S03 | B9: 临时救济点 | C9: 空锅、藏粮与圣女崇拜同时出现；玩家第一次用人物×手段×身份组合行动 | D9: 身体记得如何控制呼吸、停顿、视线和人群；获得美化记忆《金粥赐福》 | E9: 确认阿芸和圣女关系极深；根据她是否造神改变信任 | F9: 将任何有效救粮都解释为圣女显灵 | G9: 在藏粮封签上再次看见改址记号；行动结束后给出半张仓单与不完整暗号 | H9: 通过‘圣女归来’或粮仓骚动缩小搜索范围
A10: S04 | B10: 旧救济殿后室 | C10: 旧粮牌指向封存赈籍；名单显示刘家因未缴供奉被除名；记忆翻为《锅底没有米》《被划掉的一家人》 | D10: 恢复主动划名与共犯罪责；知道失忆不能替自己免责；想起旧祈福台藏物位置 | E10: 确认弟弟病死、父亲抢粮被杀与除名直接相关；依据阿芸回应决定是否接受证据 | F10: 不在场；仍相信圣女回归能够修正一切 | G10: 知道名单与旧教团骗局；不替阿芸求情，只观察她是否交出控制权 | H10: 进入县城核心区域，判断阿芸已恢复部分记忆并会去取旧物
A11: S05 | B11: 旧祈福台 | C11: 玩家通过三步环境机关取回账簿、密函、银票和旧印；证据去向与终局行动分两阶段选择 | D11: 完整知道旧罪、藏物、魏先计划和旧权力入口；仍可选择交出、公开、保留或重新佩印 | E11: 知道阿芸罪责与四件旧物；高信任时协作撤离，中信任时只带证据离开，低信任时拒绝接手 | F11: 若被召来，只知道圣女与魏先发生冲突 | G11: 用半张仓单和对缝暗号验证接头渠道；只负责搭桥，不替任何人担保人格 | H11: 包围祈福台，试图夺回证据并把阿芸重新包装为叛教者或殉道者
A12: S06 | B12: 结局演出 | C12: 看到此前行为组合出的结果，而不是点击结局按钮 | D12: 依据路线承担、逃避、重新掌权或死亡 | E12: 依据路线同行、带证据离开、拒绝或在再次被利用时审判阿芸 | F12: 第二圣女路线中继续跪拜；其他路线未必获知全部真相 | G12: 保持旁观；接头路线只确认物品是否成功送出 | H12: 被击退、成功灭口或在聚众中失去控制，按路线结算

Sheet 02选项编号
A1: 02｜普通选项与关键回应编号
A2: 六个主场景：S01含河滩／破祠堂，S02含旧救济殿／纸扎铺，S03空锅卡牌组合，S04名单真相，S05旧物与终局行动，S06结局。
A4: 唯一编号 | B4: 场次 | C4: 触发问题 | D4: 玩家可见文本／行动 | E4: 设计意图 | F4: 承担 | G4: 圣女依赖 | H4: 阿禾信任 | I4: 追捕压力 | J4: 反馈
A5: S01-O01 | B5: S01 | C5: 阿禾问追兵是否在找她 | D5: 我不知道，但我不想连累你。 | E5: 坦白有限信息 | F5: =SUMIF('07数值索引'!$A$5:$A$56,A5,'07数值索引'!$D$5:$D$56) -> 0 | G5: =SUMIF('07数值索引'!$A$5:$A$56,A5,'07数值索引'!$E$5:$E$56) -> 0 | H5: =SUMIF('07数值索引'!$A$5:$A$56,A5,'07数值索引'!$F$5:$F$56) -> 1 | I5: =SUMIF('07数值索引'!$A$5:$A$56,A5,'07数值索引'!$G$5:$G$56) -> 0 | J5: 阿禾信任上升
A6: S01-O02 | B6: S01 | C6: 同上 | D6: 不是。一定是你看错了。 | E6: 否认与控制 | F6: =SUMIF('07数值索引'!$A$5:$A$56,A6,'07数值索引'!$D$5:$D$56) -> 0 | G6: =SUMIF('07数值索引'!$A$5:$A$56,A6,'07数值索引'!$E$5:$E$56) -> 0 | H6: =SUMIF('07数值索引'!$A$5:$A$56,A6,'07数值索引'!$F$5:$F$56) -> -1 | I6: =SUMIF('07数值索引'!$A$5:$A$56,A6,'07数值索引'!$G$5:$G$56) -> 0 | J6: 阿禾表面不问，暗中观察
A7: S01-O03 | B7: S01 | C7: 同上 | D7: 如果他们来了，你会把我交出去吗？ | E7: 试探 | F7: =SUMIF('07数值索引'!$A$5:$A$56,A7,'07数值索引'!$D$5:$D$56) -> 0 | G7: =SUMIF('07数值索引'!$A$5:$A$56,A7,'07数值索引'!$E$5:$E$56) -> 0 | H7: =SUMIF('07数值索引'!$A$5:$A$56,A7,'07数值索引'!$F$5:$F$56) -> 0 | I7: =SUMIF('07数值索引'!$A$5:$A$56,A7,'07数值索引'!$G$5:$G$56) -> 0 | J7: 暴露求生与察言观色本能
A8: S02-O01 | B8: S02 | C8: 沈婆跪拜 | D8: 让她起身，否认自己是圣女。 | E8: 拒绝身份 | F8: =SUMIF('07数值索引'!$A$5:$A$56,A8,'07数值索引'!$D$5:$D$56) -> 0 | G8: =SUMIF('07数值索引'!$A$5:$A$56,A8,'07数值索引'!$E$5:$E$56) -> 0 | H8: =SUMIF('07数值索引'!$A$5:$A$56,A8,'07数值索引'!$F$5:$F$56) -> 1 | I8: =SUMIF('07数值索引'!$A$5:$A$56,A8,'07数值索引'!$G$5:$G$56) -> 0 | J8: 阿禾稍微放松
A9: S02-O02 | B9: S02 | C9: 同上 | D9: 追问过去法会发生了什么。 | E9: 调查 | F9: =SUMIF('07数值索引'!$A$5:$A$56,A9,'07数值索引'!$D$5:$D$56) -> 0 | G9: =SUMIF('07数值索引'!$A$5:$A$56,A9,'07数值索引'!$E$5:$E$56) -> 0 | H9: =SUMIF('07数值索引'!$A$5:$A$56,A9,'07数值索引'!$F$5:$F$56) -> 0 | I9: =SUMIF('07数值索引'!$A$5:$A$56,A9,'07数值索引'!$G$5:$G$56) -> 0 | J9: 获得法会信息，不立即站队
A10: S02-O03 | B10: S02 | C10: 同上 | D10: 默认跪拜，以身份换取帮助。 | E10: 借用身份 | F10: =SUMIF('07数值索引'!$A$5:$A$56,A10,'07数值索引'!$D$5:$D$56) -> 0 | G10: =SUMIF('07数值索引'!$A$5:$A$56,A10,'07数值索引'!$E$5:$E$56) -> 1 | H10: =SUMIF('07数值索引'!$A$5:$A$56,A10,'07数值索引'!$F$5:$F$56) -> -1 | I10: =SUMIF('07数值索引'!$A$5:$A$56,A10,'07数值索引'!$G$5:$G$56) -> 1 | J10: 圣女依赖与暴露上升
A11: S04-A01 | B11: S04-A | C11: 阿禾问名单内容 | D11: 一张废名单。 | E11: 完整隐瞒 | F11: =SUMIF('07数值索引'!$A$5:$A$56,A11,'07数值索引'!$D$5:$D$56) -> -1 | G11: =SUMIF('07数值索引'!$A$5:$A$56,A11,'07数值索引'!$E$5:$E$56) -> 0 | H11: =SUMIF('07数值索引'!$A$5:$A$56,A11,'07数值索引'!$F$5:$F$56) -> -2 | I11: =SUMIF('07数值索引'!$A$5:$A$56,A11,'07数值索引'!$G$5:$G$56) -> 0 | J11: 阿禾开始核对每句话
A12: S04-A02 | B12: S04-A | C12: 同上 | D12: 和万清教有关，我还没看清。 | E12: 部分隐瞒 | F12: =SUMIF('07数值索引'!$A$5:$A$56,A12,'07数值索引'!$D$5:$D$56) -> 0 | G12: =SUMIF('07数值索引'!$A$5:$A$56,A12,'07数值索引'!$E$5:$E$56) -> 0 | H12: =SUMIF('07数值索引'!$A$5:$A$56,A12,'07数值索引'!$F$5:$F$56) -> -1 | I12: =SUMIF('07数值索引'!$A$5:$A$56,A12,'07数值索引'!$G$5:$G$56) -> 0 | J12: 仍保留最危险的部分
A13: S04-A03 | B13: S04-A | C13: 同上 | D13: 上面有你的名字。 | E13: 主动交代 | F13: =SUMIF('07数值索引'!$A$5:$A$56,A13,'07数值索引'!$D$5:$D$56) -> 1 | G13: =SUMIF('07数值索引'!$A$5:$A$56,A13,'07数值索引'!$E$5:$E$56) -> 0 | H13: =SUMIF('07数值索引'!$A$5:$A$56,A13,'07数值索引'!$F$5:$F$56) -> 1 | I13: =SUMIF('07数值索引'!$A$5:$A$56,A13,'07数值索引'!$G$5:$G$56) -> 0 | J13: 承担上升
A14: S04-A04 | B14: S04-A | C14: 同上 | D14: ......(沉默) 把名单交给阿禾。 | E14: 交出信息控制权 | F14: =SUMIF('07数值索引'!$A$5:$A$56,A14,'07数值索引'!$D$5:$D$56) -> 2 | G14: =SUMIF('07数值索引'!$A$5:$A$56,A14,'07数值索引'!$E$5:$E$56) -> 0 | H14: =SUMIF('07数值索引'!$A$5:$A$56,A14,'07数值索引'!$F$5:$F$56) -> 1 | I14: =SUMIF('07数值索引'!$A$5:$A$56,A14,'07数值索引'!$G$5:$G$56) -> 0 | J14: 不预设辩词（阿禾表情骤变）
A15: S04-B01 | B15: S04-B | C15: 阿禾逼问为何知道四口人 | D15: 那句话是我说的，名字也是我让人划掉的。 | E15: 完整承认 | F15: =SUMIF('07数值索引'!$A$5:$A$56,A15,'07数值索引'!$D$5:$D$56) -> 3 | G15: =SUMIF('07数值索引'!$A$5:$A$56,A15,'07数值索引'!$E$5:$E$56) -> 0 | H15: =SUMIF('07数值索引'!$A$5:$A$56,A15,'07数值索引'!$F$5:$F$56) -> 1 | I15: =SUMIF('07数值索引'!$A$5:$A$56,A15,'07数值索引'!$G$5:$G$56) -> 0 | J15: 不恢复原谅，只保留观察机会
A16: S04-B02 | B16: S04-B | C16: 同上 | D16: 是我说的，可我不知道最后会死人。 | E16: 部分辩解 | F16: =SUMIF('07数值索引'!$A$5:$A$56,A16,'07数值索引'!$D$5:$D$56) -> 0 | G16: =SUMIF('07数值索引'!$A$5:$A$56,A16,'07数值索引'!$E$5:$E$56) -> 0 | H16: =SUMIF('07数值索引'!$A$5:$A$56,A16,'07数值索引'!$F$5:$F$56) -> -1 | I16: =SUMIF('07数值索引'!$A$5:$A$56,A16,'07数值索引'!$G$5:$G$56) -> 0 | J16: 保留‘我没亲自动手’的自我保护
... A23: ACT-BETRAY | B23: S05 | C23: 同上 | D23: 谎称证据已送出，让阿禾拿空包引开追兵。 | E23: 再次利用 | F23: =SUMIF('07数值索引'!$A$5:$A$56,A23,'07数值索引'!$D$5:$D$56) -> -3 | G23: =SUMIF('07数值索引'!$A$5:$A$56,A23,'07数值索引'!$E$5:$E$56) -> 0 | H23: =SUMIF('07数值索引'!$A$5:$A$56,A23,'07数值索引'!$F$5:$F$56) -> -3 | I23: =SUMIF('07数值索引'!$A$5:$A$56,A23,'07数值索引'!$G$5:$G$56) -> 1 | J23: 满足条件时触发《审判》

Sheet 03_S03卡牌组合
A1: 03｜S03‘空锅前的神迹’有限卡牌组合
A3: 组合ID | B3: 人物卡 | C3: 手段卡 | D3: 身份卡 | E3: 级别 | F3: 系统反馈 | G3: 剧情结果／趣味反馈 | H3: 承担 | I3: 依赖 | J3: 信任 | K3: 追捕 | L3: 接头线索
A4: C-S03-A-F-R | B4: 阿禾 | C4: 少量食物 | D4: 无名流民 | E4: 关键 | F4: 可执行 | G4: 两人先救伤者和孩子；骚乱暂缓，但无法解决整体饥荒 | H4: =SUMIF('07数值索引'!$A$5:$A$56,A4,'07数值索引'!$D$5:$D$56) -> 1 | I4: =SUMIF('07数值索引'!$A$5:$A$56,A4,'07数值索引'!$E$5:$E$56) -> 0 | J4: =SUMIF('07数值索引'!$A$5:$A$56,A4,'07数值索引'!$F$5:$F$56) -> 1 | K4: =SUMIF('07数值索引'!$A$5:$A$56,A4,'07数值索引'!$G$5:$G$56) -> 0 | L4: =SUMIF('07数值索引'!$A$5:$A$56,A4,'07数值索引'!$M$5:$M$56) -> 0
A5: C-S03-A-I-R | B5: 阿禾 | C5: 藏粮消息 | D5: 无名流民 | E5: 关键 | F5: 可执行 | G5: 阿禾带人找到后院藏粮，粮商记住她的脸；封签出现与改址告示相同的记号 | H5: =SUMIF('07数值索引'!$A$5:$A$56,A5,'07数值索引'!$D$5:$D$56) -> 1 | I5: =SUMIF('07数值索引'!$A$5:$A$56,A5,'07数值索引'!$E$5:$E$56) -> 0 | J5: =SUMIF('07数值索引'!$A$5:$A$56,A5,'07数值索引'!$F$5:$F$56) -> 1 | K5: =SUMIF('07数值索引'!$A$5:$A$56,A5,'07数值索引'!$G$5:$G$56) -> 1 | L5: =SUMIF('07数值索引'!$A$5:$A$56,A5,'07数值索引'!$M$5:$M$56) -> 1
A6: C-S03-A-P-R | B6: 阿禾 | C6: 褪色圣女像 | D6: 无名流民 | E6: 冲突 | F6: 拒绝后重选 | G6: 阿禾把画像推回去：‘纸上的人又不会搬粮。’ | H6: =SUMIF('07数值索引'!$A$5:$A$56,A6,'07数值索引'!$D$5:$D$56) -> 0 | I6: =SUMIF('07数值索引'!$A$5:$A$56,A6,'07数值索引'!$E$5:$E$56) -> 0 | J6: =SUMIF('07数值索引'!$A$5:$A$56,A6,'07数值索引'!$F$5:$F$56) -> 0 | K6: =SUMIF('07数值索引'!$A$5:$A$56,A6,'07数值索引'!$G$5:$G$56) -> 0 | L6: =SUMIF('07数值索引'!$A$5:$A$56,A6,'07数值索引'!$M$5:$M$56) -> 0
A7: C-S03-A-F-P | B7: 阿禾 | C7: 少量食物 | D7: 画像中的女人 | E7: 普通 | F7: 可执行 | G7: 阿芸以训练过的声音维持秩序，阿禾分粮；救助变快，但阿禾开始警惕 | H7: =SUMIF('07数值索引'!$A$5:$A$56,A7,'07数值索引'!$D$5:$D$56) -> 1 | I7: =SUMIF('07数值索引'!$A$5:$A$56,A7,'07数值索引'!$E$5:$E$56) -> 1 | J7: =SUMIF('07数值索引'!$A$5:$A$56,A7,'07数值索引'!$F$5:$F$56) -> 0 | K7: =SUMIF('07数值索引'!$A$5:$A$56,A7,'07数值索引'!$G$5:$G$56) -> 1 | L7: =SUMIF('07数值索引'!$A$5:$A$56,A7,'07数值索引'!$M$5:$M$56) -> 0
A8: C-S03-A-I-P | B8: 阿禾 | C8: 藏粮消息 | D8: 画像中的女人 | E8: 关键 | F8: 可执行 | G8: 阿芸把真实消息说成预言；阿禾只负责开门，不肯替她作证；封签记号被老乞丐认出 | H8: =SUMIF('07数值索引'!$A$5:$A$56,A8,'07数值索引'!$D$5:$D$56) -> 1 | I8: =SUMIF('07数值索引'!$A$5:$A$56,A8,'07数值索引'!$E$5:$E$56) -> 1 | J8: =SUMIF('07数值索引'!$A$5:$A$56,A8,'07数值索引'!$F$5:$F$56) -> 0 | K8: =SUMIF('07数值索引'!$A$5:$A$56,A8,'07数值索引'!$G$5:$G$56) -> 2 | L8: =SUMIF('07数值索引'!$A$5:$A$56,A8,'07数值索引'!$M$5:$M$56) -> 1
A9: C-S03-A-P-P | B9: 阿禾 | C9: 褪色圣女像 | D9: 画像中的女人 | E9: 冲突 | F9: 拒绝后重选 | G9: 阿禾拒绝扮演神迹见证人，人物卡弹回 | H9: =SUMIF('07数值索引'!$A$5:$A$56,A9,'07数值索引'!$D$5:$D$56) -> 0 | I9: =SUMIF('07数值索引'!$A$5:$A$56,A9,'07数值索引'!$E$5:$E$56) -> 0 | J9: =SUMIF('07数值索引'!$A$5:$A$56,A9,'07数值索引'!$F$5:$F$56) -> 0 | K9: =SUMIF('07数值索引'!$A$5:$A$56,A9,'07数值索引'!$G$5:$G$56) -> 0 | L9: =SUMIF('07数值索引'!$A$5:$A$56,A9,'07数值索引'!$M$5:$M$56) -> 0
A10: C-S03-S-F-R | B10: 沈婆 | C10: 少量食物 | D10: 无名流民 | E10: 普通 | F10: 可执行 | G10: 沈婆凭熟人关系组织排队，食物仍然不够 | H10: =SUMIF('07数值索引'!$A$5:$A$56,A10,'07数值索引'!$D$5:$D$56) -> 1 | I10: =SUMIF('07数值索引'!$A$5:$A$56,A10,'07数值索引'!$E$5:$E$56) -> 0 | J10: =SUMIF('07数值索引'!$A$5:$A$56,A10,'07数值索引'!$F$5:$F$56) -> 0 | K10: =SUMIF('07数值索引'!$A$5:$A$56,A10,'07数值索引'!$G$5:$G$56) -> 0 | L10: =SUMIF('07数值索引'!$A$5:$A$56,A10,'07数值索引'!$M$5:$M$56) -> 0
A11: C-S03-S-I-R | B11: 沈婆 | C11: 藏粮消息 | D11: 无名流民 | E11: 普通 | F11: 可执行 | G11: 沈婆以纸扎铺老板身份作证；开仓后发现带记号的封签，老乞丐确认其与转运网有关 | H11: =SUMIF('07数值索引'!$A$5:$A$56,A11,'07数值索引'!$D$5:$D$56) -> 1 | I11: =SUMIF('07数值索引'!$A$5:$A$56,A11,'07数值索引'!$E$5:$E$56) -> 0 | J11: =SUMIF('07数值索引'!$A$5:$A$56,A11,'07数值索引'!$F$5:$F$56) -> 0 | K11: =SUMIF('07数值索引'!$A$5:$A$56,A11,'07数值索引'!$G$5:$G$56) -> 1 | L11: =SUMIF('07数值索引'!$A$5:$A$56,A11,'07数值索引'!$M$5:$M$56) -> 1
A12: C-S03-S-P-R | B12: 沈婆 | C12: 褪色圣女像 | D12: 无名流民 | E12: 转化 | F12: 确认后重选 | G12: 阿芸否认身份，沈婆却先跪下；系统询问是否接受《画像中的女人》 | H12: =SUMIF('07数值索引'!$A$5:$A$56,A12,'07数值索引'!$D$5:$D$56) -> 0 | I12: =SUMIF('07数值索引'!$A$5:$A$56,A12,'07数值索引'!$E$5:$E$56) -> 1 | J12: =SUMIF('07数值索引'!$A$5:$A$56,A12,'07数值索引'!$F$5:$F$56) -> -1 | K12: =SUMIF('07数值索引'!$A$5:$A$56,A12,'07数值索引'!$G$5:$G$56) -> 1 | L12: =SUMIF('07数值索引'!$A$5:$A$56,A12,'07数值索引'!$M$5:$M$56) -> 0
A13: C-S03-S-F-P | B13: 沈婆 | C13: 少量食物 | D13: 画像中的女人 | E13: 普通 | F13: 可执行 | G13: 沈婆高喊赐福，少量食物被包装成圣女回归的证明 | H13: =SUMIF('07数值索引'!$A$5:$A$56,A13,'07数值索引'!$D$5:$D$56) -> 1 | I13: =SUMIF('07数值索引'!$A$5:$A$56,A13,'07数值索引'!$E$5:$E$56) -> 1 | J13: =SUMIF('07数值索引'!$A$5:$A$56,A13,'07数值索引'!$F$5:$F$56) -> -1 | K13: =SUMIF('07数值索引'!$A$5:$A$56,A13,'07数值索引'!$G$5:$G$56) -> 1 | L13: =SUMIF('07数值索引'!$A$5:$A$56,A13,'07数值索引'!$M$5:$M$56) -> 0
A14: C-S03-S-I-P | B14: 沈婆 | C14: 藏粮消息 | D14: 画像中的女人 | E14: 核心 | F14: 可执行 | G14: 阿芸把情报包装成神谕逼粮商开仓；救人最多、暴露最大，并发现接头标记 | H14: =SUMIF('07数值索引'!$A$5:$A$56,A14,'07数值索引'!$D$5:$D$56) -> 0 | I14: =SUMIF('07数值索引'!$A$5:$A$56,A14,'07数值索引'!$E$5:$E$56) -> 2 | J14: =SUMIF('07数值索引'!$A$5:$A$56,A14,'07数值索引'!$F$5:$F$56) -> -1 | K14: =SUMIF('07数值索引'!$A$5:$A$56,A14,'07数值索引'!$G$5:$G$56) -> 2 | L14: =SUMIF('07数值索引'!$A$5:$A$56,A14,'07数值索引'!$M$5:$M$56) -> 1
A15: C-S03-S-P-P | B15: 沈婆 | C15: 褪色圣女像 | D15: 画像中的女人 | E15: 关键 | F15: 可执行 | G15: 沈婆认主，人群随之跪拜；阿芸一句话尚未说，秩序已属于她 | H15: =SUMIF('07数值索引'!$A$5:$A$56,A15,'07数值索引'!$D$5:$D$56) -> 0 | I15: =SUMIF('07数值索引'!$A$5:$A$56,A15,'07数值索引'!$E$5:$E$56) -> 2 | J15: =SUMIF('07数值索引'!$A$5:$A$56,A15,'07数值索引'!$F$5:$F$56) -> -1 | K15: =SUMIF('07数值索引'!$A$5:$A$56,A15,'07数值索引'!$G$5:$G$56) -> 2 | L15: =SUMIF('07数值索引'!$A$5:$A$56,A15,'07数值索引'!$M$5:$M$56) -> 0
... A21: C-S03-O-P-P | B21: 老乞丐 | C21: 褪色圣女像 | D21: 画像中的女人 | E21: 冲突 | F21: 拒绝后重选 | G21: 老乞丐拒绝登台：‘我看过三位圣女，纸做的最耐活。’ | H21: =SUMIF('07数值索引'!$A$5:$A$56,A21,'07数值索引'!$D$5:$D$56) -> 0 | I21: =SUMIF('07数值索引'!$A$5:$A$56,A21,'07数值索引'!$E$5:$E$56) -> 0 | J21: =SUMIF('07数值索引'!$A$5:$A$56,A21,'07数值索引'!$F$5:$F$56) -> 0 | K21: =SUMIF('07数值索引'!$A$5:$A$56,A21,'07数值索引'!$G$5:$G$56) -> 0 | L21: =SUMIF('07数值索引'!$A$5:$A$56,A21,'07数值索引'!$M$5:$M$56) -> 0

Sheet 04卡牌生命周期
A1: 04｜卡牌生命周期
A3: 卡牌ID | B3: 类别 | C3: 卡名 | D3: 首次获得 | E3: 翻面／强化 | F3: 拒绝条件 | G3: 最终去向 | H3: 设计作用 | I3: Demo状态
A4: ID-01 | B4: 身份 | C4: 《无名流民》 | D4: S01醒来后 | E4: S01—S05始终可用 | F4: 无 | G4: S05仍可用于普通人行动 | H4: 代表低效率但不支配他人的方法 | I4: 常驻
A5: ID-02 | B5: 身份 | C5: 《画像中的女人》 | D5: S02被沈婆认出后 | E5: S03接受认主或S04强制确认 | F5: 阿禾拒绝为其扮演神迹见证人 | G5: 翻为《万清圣女》 | H5: 身份悬念的中间态 | I5: 常驻至翻面
A6: ID-03 | B6: 身份 | C6: 《万清圣女》 | D6: S03可选解锁；S04必然解锁 | E6: 佩戴旧印后强化 | F6: 高信任阿禾仍拒绝替她造神 | G6: 重新掌权／拒绝使用／死亡 | H6: 越好用，越危险 | I6: 分支核心
A7: CH-01 | B7: 人物 | C7: 《阿禾》 | D7: S01救助后 | E7: 信任随选择变化 | F7: S03拒绝圣女画像组合；信任过低拒绝带证据 | G7: 同行／离开／审判阿芸 | H7: 人物卡不是工具 | I7: 常驻
A8: CH-02 | B8: 人物 | C8: 《纸扎铺的沈婆》 | D8: S02完成认主 | E8: 使用圣女身份时影响力增强 | F8: 不会拒绝圣女组合；会误读真相为神迹 | G8: 第二圣女路线继续跪拜 | H8: 展示信徒为何需要圣女 | I8: S02起可用
A9: CH-03 | B9: 人物 | C9: 《老乞丐》 | D9: S01开场前已与阿禾相互照应一段时间；S03成为可用卡 | E9: 调查藏粮后以半张仓单验证接头渠道 | F9: 拒绝画像与登台组合 | G9: 旁观／提供渠道／不替主角赎罪 | H9: 冷幽默、底层经验与接头桥梁 | I9: S03可用
A10: CH-04 | B10: 人物 | C10: 《唐姓接头人》 | D10: S03调查藏粮后，由老乞丐用仓单与暗号验证 | E10: 无升级；只证明身份和转运能力，不证明道德可靠 | F10: 未取得完整暗号时卡牌不出现 | G10: 接收账簿／密函并送出县城 | H10: 结构性行动渠道，不扩写个人支线 | I10: 条件卡
A11: MT-01 | B11: 手段 | C11: 《少量食物》 | D11: S03进入赈济点 | E11: 使用后消耗 | F11: 无角色拒绝食物本身 | G11: 救少数人／参与神迹包装 | H11: 有限资源制造真实取舍 | I11: S03消耗
A12: MT-02 | B12: 手段 | C12: 《藏粮消息》 | D12: S03观察或老乞丐提示 | E12: 可与身份组合成为‘预言’ | F12: 无；但人物承担风险不同 | G12: 开仓／取得接头线索 | H12: 事实可被诚实使用，也可被包装成神谕 | I12: S03使用
A13: MT-03 | B13: 手段 | C13: 《褪色圣女像》 | D13: S02纸扎铺 | E13: 与身份卡组合放大认主 | F13: 阿禾与老乞丐拒绝参与造神 | G13: 成为信仰媒介／被收回 | H13: 测试人物主体性 | I13: S03使用
A14: MEM-01 | B14: 记忆 | C14: 《金粥赐福》 | D14: S03空锅触发 | E14: S04翻面 | F14: 无 | G14: 翻为《锅底没有米》 | H14: 先给玩家善意解释，再收回 | I14: 翻面
... A20: PR-01 | B20: 剧情道具 | C20: 《刘家旧粮牌》 | D20: S02-B沈婆取出 | E20: S03被新救济点管事拒绝 | F20: 不进入组合槽 | G20: S04指向旧赈籍与除名记录 | H20: 解释为何返回旧救济殿；种下刘家全名 | I20: 叙事道具

Sheet 05_S05物品处置
A1: 05｜S05关键物处置与终局行动
A2: 第一阶段逐一处理账簿、密函、银票与旧印；第二阶段处理魏先追至后的眼前行动。物品去向不会自动等于结局。
A4: 选项ID | B4: 关键物 | C4: 去向 | D4: 可用条件 | E4: 叙事结果 | F4: 承担 | G4: 依赖 | H4: 信任 | I4: 追捕 | J4: 证据送出 | K4: 证据私藏 | L4: 带走银票 | M4: 接头线索
A5: K-LDG-AHE | B5: 秘密账簿 | C5: 交给阿禾 | D5: 信任≥4；或信任1—3且此前S04-A04/S04-B01 | E5: 高信任时协作撤离；中信任时阿禾只带证据离开；低信任拒绝 | F5: =SUMIF('07数值索引'!$A$5:$A$80,$A5,'07数值索引'!$D$5:$D$80) -> 2 | G5: =SUMIF('07数值索引'!$A$5:$A$80,$A5,'07数值索引'!$E$5:$E$80) -> 0 | H5: =SUMIF('07数值索引'!$A$5:$A$80,$A5,'07数值索引'!$F$5:$F$80) -> 1 | I5: =SUMIF('07数值索引'!$A$5:$A$80,$A5,'07数值索引'!$G$5:$G$80) -> 0 | J5: =SUMIF('07数值索引'!$A$5:$A$80,$A5,'07数值索引'!$H$5:$H$80) -> 1 | K5: =SUMIF('07数值索引'!$A$5:$A$80,$A5,'07数值索引'!$I$5:$I$80) -> 0 | L5: =SUMIF('07数值索引'!$A$5:$A$80,$A5,'07数值索引'!$J$5:$J$80) -> 0 | M5: =SUMIF('07数值索引'!$A$5:$A$80,$A5,'07数值索引'!$M$5:$M$80) -> 0
A6: K-LDG-REB | B6: 秘密账簿 | C6: 交给接头人 | D6: 已通过老乞丐获得完整暗号 | E6: 证据进入结构性行动；主角不自动获得组织接纳 | F6: =SUMIF('07数值索引'!$A$5:$A$80,$A6,'07数值索引'!$D$5:$D$80) -> 2 | G6: =SUMIF('07数值索引'!$A$5:$A$80,$A6,'07数值索引'!$E$5:$E$80) -> 0 | H6: =SUMIF('07数值索引'!$A$5:$A$80,$A6,'07数值索引'!$F$5:$F$80) -> 0 | I6: =SUMIF('07数值索引'!$A$5:$A$80,$A6,'07数值索引'!$G$5:$G$80) -> 0 | J6: =SUMIF('07数值索引'!$A$5:$A$80,$A6,'07数值索引'!$H$5:$H$80) -> 1 | K6: =SUMIF('07数值索引'!$A$5:$A$80,$A6,'07数值索引'!$I$5:$I$80) -> 0 | L6: =SUMIF('07数值索引'!$A$5:$A$80,$A6,'07数值索引'!$J$5:$J$80) -> 0 | M6: =SUMIF('07数值索引'!$A$5:$A$80,$A6,'07数值索引'!$M$5:$M$80) -> 1
A7: K-LDG-PUB | B7: 秘密账簿 | C7: 阿芸亲自公开 | D7: 已取得账簿 | E7: 证据公开，但解释权仍可能被圣女身份垄断 | F7: =SUMIF('07数值索引'!$A$5:$A$80,$A7,'07数值索引'!$D$5:$D$80) -> 1 | G7: =SUMIF('07数值索引'!$A$5:$A$80,$A7,'07数值索引'!$E$5:$E$80) -> 2 | H7: =SUMIF('07数值索引'!$A$5:$A$80,$A7,'07数值索引'!$F$5:$F$80) -> 0 | I7: =SUMIF('07数值索引'!$A$5:$A$80,$A7,'07数值索引'!$G$5:$G$80) -> 1 | J7: =SUMIF('07数值索引'!$A$5:$A$80,$A7,'07数值索引'!$H$5:$H$80) -> 1 | K7: =SUMIF('07数值索引'!$A$5:$A$80,$A7,'07数值索引'!$I$5:$I$80) -> 0 | L7: =SUMIF('07数值索引'!$A$5:$A$80,$A7,'07数值索引'!$J$5:$J$80) -> 0 | M7: =SUMIF('07数值索引'!$A$5:$A$80,$A7,'07数值索引'!$M$5:$M$80) -> 0
A8: K-LDG-KEEP | B8: 秘密账簿 | C8: 自行保留 | D8: 无 | E8: 继续作为自保、勒索、销毁或逃亡筹码 | F8: =SUMIF('07数值索引'!$A$5:$A$80,$A8,'07数值索引'!$D$5:$D$80) -> -2 | G8: =SUMIF('07数值索引'!$A$5:$A$80,$A8,'07数值索引'!$E$5:$E$80) -> 0 | H8: =SUMIF('07数值索引'!$A$5:$A$80,$A8,'07数值索引'!$F$5:$F$80) -> 0 | I8: =SUMIF('07数值索引'!$A$5:$A$80,$A8,'07数值索引'!$G$5:$G$80) -> 0 | J8: =SUMIF('07数值索引'!$A$5:$A$80,$A8,'07数值索引'!$H$5:$H$80) -> 0 | K8: =SUMIF('07数值索引'!$A$5:$A$80,$A8,'07数值索引'!$I$5:$I$80) -> 1 | L8: =SUMIF('07数值索引'!$A$5:$A$80,$A8,'07数值索引'!$J$5:$J$80) -> 0 | M8: =SUMIF('07数值索引'!$A$5:$A$80,$A8,'07数值索引'!$M$5:$M$80) -> 0
A9: K-LTR-AHE | B9: 裴家密函 | C9: 交给阿禾 | D9: 阿禾已接受账簿且仍在场 | E9: 把密函解释权也交给直接受害者 | F9: =SUMIF('07数值索引'!$A$5:$A$80,$A9,'07数值索引'!$D$5:$D$80) -> 2 | G9: =SUMIF('07数值索引'!$A$5:$A$80,$A9,'07数值索引'!$E$5:$E$80) -> 0 | H9: =SUMIF('07数值索引'!$A$5:$A$80,$A9,'07数值索引'!$F$5:$F$80) -> 1 | I9: =SUMIF('07数值索引'!$A$5:$A$80,$A9,'07数值索引'!$G$5:$G$80) -> 0 | J9: =SUMIF('07数值索引'!$A$5:$A$80,$A9,'07数值索引'!$H$5:$H$80) -> 1 | K9: =SUMIF('07数值索引'!$A$5:$A$80,$A9,'07数值索引'!$I$5:$I$80) -> 0 | L9: =SUMIF('07数值索引'!$A$5:$A$80,$A9,'07数值索引'!$J$5:$J$80) -> 0 | M9: =SUMIF('07数值索引'!$A$5:$A$80,$A9,'07数值索引'!$M$5:$M$80) -> 0
A10: K-LTR-REB | B10: 裴家密函 | C10: 交给接头人 | D10: 已获得完整暗号 | E10: 揭露裴家关系与殉道计划 | F10: =SUMIF('07数值索引'!$A$5:$A$80,$A10,'07数值索引'!$D$5:$D$80) -> 2 | G10: =SUMIF('07数值索引'!$A$5:$A$80,$A10,'07数值索引'!$E$5:$E$80) -> 0 | H10: =SUMIF('07数值索引'!$A$5:$A$80,$A10,'07数值索引'!$F$5:$F$80) -> 0 | I10: =SUMIF('07数值索引'!$A$5:$A$80,$A10,'07数值索引'!$G$5:$G$80) -> 0 | J10: =SUMIF('07数值索引'!$A$5:$A$80,$A10,'07数值索引'!$H$5:$H$80) -> 1 | K10: =SUMIF('07数值索引'!$A$5:$A$80,$A10,'07数值索引'!$I$5:$I$80) -> 0 | L10: =SUMIF('07数值索引'!$A$5:$A$80,$A10,'07数值索引'!$J$5:$J$80) -> 0 | M10: =SUMIF('07数值索引'!$A$5:$A$80,$A10,'07数值索引'!$M$5:$M$80) -> 1
A11: K-LTR-PUB | B11: 裴家密函 | C11: 阿芸亲自公开 | D11: 已解锁圣女身份 | E11: 真相公开，但公开方式可能再次造神 | F11: =SUMIF('07数值索引'!$A$5:$A$80,$A11,'07数值索引'!$D$5:$D$80) -> 0 | G11: =SUMIF('07数值索引'!$A$5:$A$80,$A11,'07数值索引'!$E$5:$E$80) -> 2 | H11: =SUMIF('07数值索引'!$A$5:$A$80,$A11,'07数值索引'!$F$5:$F$80) -> 0 | I11: =SUMIF('07数值索引'!$A$5:$A$80,$A11,'07数值索引'!$G$5:$G$80) -> 1 | J11: =SUMIF('07数值索引'!$A$5:$A$80,$A11,'07数值索引'!$H$5:$H$80) -> 1 | K11: =SUMIF('07数值索引'!$A$5:$A$80,$A11,'07数值索引'!$I$5:$I$80) -> 0 | L11: =SUMIF('07数值索引'!$A$5:$A$80,$A11,'07数值索引'!$J$5:$J$80) -> 0 | M11: =SUMIF('07数值索引'!$A$5:$A$80,$A11,'07数值索引'!$M$5:$M$80) -> 0
A12: K-LTR-KEEP | B12: 裴家密函 | C12: 自行保留 | D12: 无 | E12: 保留自保筹码，不让真相抵达他人 | F12: =SUMIF('07数值索引'!$A$5:$A$80,$A12,'07数值索引'!$D$5:$D$80) -> -1 | G12: =SUMIF('07数值索引'!$A$5:$A$80,$A12,'07数值索引'!$E$5:$E$80) -> 0 | H12: =SUMIF('07数值索引'!$A$5:$A$80,$A12,'07数值索引'!$F$5:$F$80) -> 0 | I12: =SUMIF('07数值索引'!$A$5:$A$80,$A12,'07数值索引'!$G$5:$G$80) -> 0 | J12: =SUMIF('07数值索引'!$A$5:$A$80,$A12,'07数值索引'!$H$5:$H$80) -> 0 | K12: =SUMIF('07数值索引'!$A$5:$A$80,$A12,'07数值索引'!$I$5:$I$80) -> 1 | L12: =SUMIF('07数值索引'!$A$5:$A$80,$A12,'07数值索引'!$J$5:$J$80) -> 0 | M12: =SUMIF('07数值索引'!$A$5:$A$80,$A12,'07数值索引'!$M$5:$M$80) -> 0
A13: K-SLV-VIC | B13: 三千两银票 | C13: 归还阿禾及受害者 | D13: 无 | E13: 迟到补偿，不兑换宽恕 | F13: =SUMIF('07数值索引'!$A$5:$A$80,$A13,'07数值索引'!$D$5:$D$80) -> 2 | G13: =SUMIF('07数值索引'!$A$5:$A$80,$A13,'07数值索引'!$E$5:$E$80) -> 0 | H13: =SUMIF('07数值索引'!$A$5:$A$80,$A13,'07数值索引'!$F$5:$F$80) -> 1 | I13: =SUMIF('07数值索引'!$A$5:$A$80,$A13,'07数值索引'!$G$5:$G$80) -> 0 | J13: =SUMIF('07数值索引'!$A$5:$A$80,$A13,'07数值索引'!$H$5:$H$80) -> 0 | K13: =SUMIF('07数值索引'!$A$5:$A$80,$A13,'07数值索引'!$I$5:$I$80) -> 0 | L13: =SUMIF('07数值索引'!$A$5:$A$80,$A13,'07数值索引'!$J$5:$J$80) -> 0 | M13: =SUMIF('07数值索引'!$A$5:$A$80,$A13,'07数值索引'!$M$5:$M$80) -> 0
A14: K-SLV-REL | B14: 三千两银票 | C14: 用于赈济灾民 | D14: 无 | E14: 救助人数更多，但公开行动增加追捕 | F14: =SUMIF('07数值索引'!$A$5:$A$80,$A14,'07数值索引'!$D$5:$D$80) -> 2 | G14: =SUMIF('07数值索引'!$A$5:$A$80,$A14,'07数值索引'!$E$5:$E$80) -> 0 | H14: =SUMIF('07数值索引'!$A$5:$A$80,$A14,'07数值索引'!$F$5:$F$80) -> 0 | I14: =SUMIF('07数值索引'!$A$5:$A$80,$A14,'07数值索引'!$G$5:$G$80) -> 1 | J14: =SUMIF('07数值索引'!$A$5:$A$80,$A14,'07数值索引'!$H$5:$H$80) -> 0 | K14: =SUMIF('07数值索引'!$A$5:$A$80,$A14,'07数值索引'!$I$5:$I$80) -> 0 | L14: =SUMIF('07数值索引'!$A$5:$A$80,$A14,'07数值索引'!$J$5:$J$80) -> 0 | M14: =SUMIF('07数值索引'!$A$5:$A$80,$A14,'07数值索引'!$M$5:$M$80) -> 0
A15: K-SLV-TAKE | B15: 三千两银票 | C15: 带走 | D15: 无 | E15: 把赃款重新解释成活命盘缠 | F15: =SUMIF('07数值索引'!$A$5:$A$80,$A15,'07数值索引'!$D$5:$D$80) -> -2 | G15: =SUMIF('07数值索引'!$A$5:$A$80,$A15,'07数值索引'!$E$5:$E$80) -> 0 | H15: =SUMIF('07数值索引'!$A$5:$A$80,$A15,'07数值索引'!$F$5:$F$80) -> -2 | I15: =SUMIF('07数值索引'!$A$5:$A$80,$A15,'07数值索引'!$G$5:$G$80) -> 0 | J15: =SUMIF('07数值索引'!$A$5:$A$80,$A15,'07数值索引'!$H$5:$H$80) -> 0 | K15: =SUMIF('07数值索引'!$A$5:$A$80,$A15,'07数值索引'!$I$5:$I$80) -> 0 | L15: =SUMIF('07数值索引'!$A$5:$A$80,$A15,'07数值索引'!$J$5:$J$80) -> 1 | M15: =SUMIF('07数值索引'!$A$5:$A$80,$A15,'07数值索引'!$M$5:$M$80) -> 0
A16: K-SEAL-DEST | B16: 圣女旧印 | C16: 交给阿禾毁掉 | D16: 阿禾仍在场 | E16: 主动关闭最便利的旧权力入口 | F16: =SUMIF('07数值索引'!$A$5:$A$80,$A16,'07数值索引'!$D$5:$D$80) -> 2 | G16: =SUMIF('07数值索引'!$A$5:$A$80,$A16,'07数值索引'!$E$5:$E$80) -> -1 | H16: =SUMIF('07数值索引'!$A$5:$A$80,$A16,'07数值索引'!$F$5:$F$80) -> 1 | I16: =SUMIF('07数值索引'!$A$5:$A$80,$A16,'07数值索引'!$G$5:$G$80) -> 0 | J16: =SUMIF('07数值索引'!$A$5:$A$80,$A16,'07数值索引'!$H$5:$H$80) -> 0 | K16: =SUMIF('07数值索引'!$A$5:$A$80,$A16,'07数值索引'!$I$5:$I$80) -> 0 | L16: =SUMIF('07数值索引'!$A$5:$A$80,$A16,'07数值索引'!$J$5:$J$80) -> 0 | M16: =SUMIF('07数值索引'!$A$5:$A$80,$A16,'07数值索引'!$M$5:$M$80) -> 0
... A18: K-SEAL-HIDE | B18: 圣女旧印 | C18: 藏起保留 | D18: 无 | E18: 暂时不用，但保留随时返回的可能 | F18: =SUMIF('07数值索引'!$A$5:$A$80,$A18,'07数值索引'!$D$5:$D$80) -> -1 | G18: =SUMIF('07数值索引'!$A$5:$A$80,$A18,'07数值索引'!$E$5:$E$80) -> 1 | H18: =SUMIF('07数值索引'!$A$5:$A$80,$A18,'07数值索引'!$F$5:$F$80) -> 0 | I18: =SUMIF('07数值索引'!$A$5:$A$80,$A18,'07数值索引'!$G$5:$G$80) -> 0 | J18: =SUMIF('07数值索引'!$A$5:$A$80,$A18,'07数值索引'!$H$5:$H$80) -> 0 | K18: =SUMIF('07数值索引'!$A$5:$A$80,$A18,'07数值索引'!$I$5:$I$80) -> 0 | L18: =SUMIF('07数值索引'!$A$5:$A$80,$A18,'07数值索引'!$J$5:$J$80) -> 0 | M18: =SUMIF('07数值索引'!$A$5:$A$80,$A18,'07数值索引'!$M$5:$M$80) -> 0
A20: 终局行动（与物品处置叠加）
A21: 行动ID | B21: 行动 | C21: 性质 | D21: 结果与显示条件 | E21: 承担 | F21: 依赖 | G21: 信任 | H21: 追捕 | I21: 备注
A22: ACT-PROTECT | B22: 让阿禾或接头人带证据先走，自己留下拖延 | C22: 承担行动 | D22: 证据已交付；中信任阿禾路线必被魏先截停 | E22: =SUMIF('07数值索引'!$A$5:$A$80,$A22,'07数值索引'!$D$5:$D$80) -> 2 | F22: =SUMIF('07数值索引'!$A$5:$A$80,$A22,'07数值索引'!$E$5:$E$80) -> 0 | G22: =SUMIF('07数值索引'!$A$5:$A$80,$A22,'07数值索引'!$F$5:$F$80) -> 2 | H22: =SUMIF('07数值索引'!$A$5:$A$80,$A22,'07数值索引'!$G$5:$G$80) -> 3 | I22: 追捕达到阈值时《证人之死》
A23: ACT-UNDER | B23: 经验证暗号后从旧地道撤离 | C23: 结构性行动 | D23: 完整接头线索；或高信任阿禾共享撤离路线 | E23: =SUMIF('07数值索引'!$A$5:$A$80,$A23,'07数值索引'!$D$5:$D$80) -> 1 | F23: =SUMIF('07数值索引'!$A$5:$A$80,$A23,'07数值索引'!$E$5:$E$80) -> 0 | G23: =SUMIF('07数值索引'!$A$5:$A$80,$A23,'07数值索引'!$F$5:$F$80) -> 0 | H23: =SUMIF('07数值索引'!$A$5:$A$80,$A23,'07数值索引'!$G$5:$G$80) -> -1 | I23: 满足承担条件时《继续前行》
A24: ACT-SAINT | B24: 佩印，以神谕宣布魏先背叛神意 | C24: 重新掌权 | D24: 必须已佩戴旧印 | E24: =SUMIF('07数值索引'!$A$5:$A$80,$A24,'07数值索引'!$D$5:$D$80) -> 0 | F24: =SUMIF('07数值索引'!$A$5:$A$80,$A24,'07数值索引'!$E$5:$E$80) -> 3 | G24: =SUMIF('07数值索引'!$A$5:$A$80,$A24,'07数值索引'!$F$5:$F$80) -> 0 | H24: =SUMIF('07数值索引'!$A$5:$A$80,$A24,'07数值索引'!$G$5:$G$80) -> 2 | I24: 依赖高时《第二位圣女》；追捕极高时《最后一次神迹》
A25: ACT-ESCAPE | B25: 携带仍在自己手中的银票或证据独自逃亡 | C25: 逃避 | D25: 未再次牺牲阿禾 | E25: =SUMIF('07数值索引'!$A$5:$A$80,$A25,'07数值索引'!$D$5:$D$80) -> -2 | F25: =SUMIF('07数值索引'!$A$5:$A$80,$A25,'07数值索引'!$E$5:$E$80) -> 0 | G25: =SUMIF('07数值索引'!$A$5:$A$80,$A25,'07数值索引'!$F$5:$F$80) -> -2 | H25: =SUMIF('07数值索引'!$A$5:$A$80,$A25,'07数值索引'!$G$5:$G$80) -> 1 | I25: 对白表现为‘以后还能补救’式自我辩解
A26: ACT-BETRAY | B26: 让阿禾携带空包或假证据引开追兵 | C26: 再次利用 | D26: 仅在弃责状态、低信任、真实证据仍由阿芸控制时显示 | E26: =SUMIF('07数值索引'!$A$5:$A$80,$A26,'07数值索引'!$D$5:$D$80) -> -3 | F26: =SUMIF('07数值索引'!$A$5:$A$80,$A26,'07数值索引'!$E$5:$E$80) -> 0 | G26: =SUMIF('07数值索引'!$A$5:$A$80,$A26,'07数值索引'!$F$5:$F$80) -> -3 | H26: =SUMIF('07数值索引'!$A$5:$A$80,$A26,'07数值索引'!$G$5:$G$80) -> 1 | I26: 触发《审判》；真实账簿已交阿禾时互斥

Sheet 06结局判定
A1: 06｜结局判定顺序与阈值
A2: 先处理过程死亡与再次背叛，再处理身份复归与承担。阿禾信任决定证据是否被接受和撤离权限，不能单独替代最终判定。
A4: 优先级 | B4: 结局 | C4: 精确条件 | D4: 叙事解释 | E4: 判词 | F4: 类型 | G4: 已实现 | H4: 备注
A5: 1 | B5: 《无名尸体》 | C5: 无名失败标记=1 | D5: S03身份确认前的直接失败 | E5: 她直到最后，也不知道别人为什么恨她。 | F5: 过程死亡 | G5: 是 | H5: 不进入后半段
A6: 2 | B6: 《证人之死》 | C6: 保护行动=1；且中信任截停或追捕压力≥6 | D6: 阿芸留下确保阿禾／接头人与证据离开 | E6: 她无法用死亡偿清旧债，但证据越过了她的尸体。 | F6: 过程死亡 | G6: 是 | H6: 优先于继续前行
A7: 3 | B7: 《最后一次神迹》 | C7: 圣女行动=1；追捕压力≥8 | D7: 聚众失控，死亡再次被包装为殉道 | E7: 她终于说出了真话。可锣鼓太响，没有人听见。 | F7: 过程死亡 | G7: 是 | H7: 优先于第二位圣女
A8: 4 | B8: 《审判》 | C8: 逃跑行动=1；信任≤-3；弃责状态=是；私藏证据≥2；带走银票=1；再次背叛=1 | D8: 阿芸已放弃赎罪，并再次把阿禾作为错误目标 | E8: 她曾经让别人替自己去死。这一次，阿禾没有再替她走。 | F8: 关系结局 | G8: 是 | H8: 真实账簿已交阿禾时不可触发
A9: 5 | B9: 《第二位圣女》 | C9: 圣女行动=1；依赖≥5；重新佩印=1；追捕<8 | D9: 救人或公开真相，却重新控制信众与解释权 | E9: 第一位圣女死在河里。第二位圣女从她的尸体里站了起来。 | F9: 身份结局 | G9: 是 | H9: 交出部分证据也不能自动避免
A10: 6 | B10: 《继续前行》 | C10: 承担≥7；证据送出≥1；未带走银票；依赖≤4；且高信任协作或地道行动成立 | D10: 没有宽恕与领袖奖励，只开始承担 | E10: 她没有洗清自己的名字。她只是终于不再擦掉别人的名字。 | F10: 承担结局 | G10: 是 | H10: 高信任同行版／接头人独行版
A11: 7 | B11: 《逃避》 | C11: 以上均未命中；通常为自行保留、携款或ACT-ESCAPE | D11: 做过局部正确选择，仍用‘以后补救’回避当下责任 | E11: 无知曾经替她遮住脸。现在，她只能自己蒙上眼睛。 | F11: 兜底结局 | G11: 是 | H11: 与《审判》的区别是没有主动牺牲阿禾
A13: 问题 | B13: 回答
A14: 为什么高信任不是自动OE？ | B14: 高信任只解锁协作撤离；仍需交出证据、拒绝携款与旧印，并达到承担阈值。
A15: 为什么中信任会遭遇魏先？ | B15: 魏先始终在追捕；中信任时阿禾只带证据离开、不共享撤离路线，阿芸被留在原地截住。
A16: 为什么逃避需要精细对白？ | B16: 她应以‘活着才能以后补救’自我辩解，而不是突然宣告自己不想赎罪。
A17: 为什么审判需要弃责前情？ | B17: 只有在私藏证据、携款、低承担并主动再次利用阿禾时才显示背叛选项。

Sheet 07数值索引
A1: 07｜数值与判定标记索引（唯一数据源）
A2: 黄色列可修改。其他工作表通过公式读取本表；修改后请到08可达路径测试确认所有结局仍可到达。
A4: 事件ID | B4: 场次 | C4: 类型 | D4: 承担 | E4: 依赖 | F4: 信任 | G4: 追捕 | H4: 证据送出 | I4: 证据私藏 | J4: 带走银票 | K4: 重新佩印 | L4: 再次背叛 | M4: 接头线索 | N4: 保护行动 | O4: 地道行动 | P4: 圣女行动 | Q4: 逃跑行动 | R4: 无名失败 | S4: 说明
A5: SYS-START | B5: 系统 | C5: 初始值 | D5: 0 | E5: 0 | F5: 1 | G5: 1 | H5: 0 | I5: 0 | J5: 0 | K5: 0 | L5: 0 | M5: 0 | N5: 0 | O5: 0 | P5: 0 | Q5: 0 | R5: 0 | S5: 阿禾因救人而保留最低限度善意；追兵已在沿河搜索
A6: SYS-WEI | B6: S04→S05 | C6: 固定推进 | D6: 0 | E6: 0 | F6: 0 | G6: 1 | H6: 0 | I6: 0 | J6: 0 | K6: 0 | L6: 0 | M6: 0 | N6: 0 | O6: 0 | P6: 0 | Q6: 0 | R6: 0 | S6: 魏先进入县城，所有路线固定增加一次追捕压力
A7: S01-O01 | B7: S01 | C7: 对话 | D7: 0 | E7: 0 | F7: 1 | G7: 0 | H7: 0 | I7: 0 | J7: 0 | K7: 0 | L7: 0 | M7: 0 | N7: 0 | O7: 0 | P7: 0 | Q7: 0 | R7: 0 | S7: 坦白不知道来历，也不想连累阿禾
A8: S01-O02 | B8: S01 | C8: 对话 | D8: 0 | E8: 0 | F8: -1 | G8: 0 | H8: 0 | I8: 0 | J8: 0 | K8: 0 | L8: 0 | M8: 0 | N8: 0 | O8: 0 | P8: 0 | Q8: 0 | R8: 0 | S8: 否认追兵存在；阿禾暗中观察
A9: S01-O03 | B9: S01 | C9: 对话 | D9: 0 | E9: 0 | F9: 0 | G9: 0 | H9: 0 | I9: 0 | J9: 0 | K9: 0 | L9: 0 | M9: 0 | N9: 0 | O9: 0 | P9: 0 | Q9: 0 | R9: 0 | S9: 试探阿禾会不会交人
A10: S02-O01 | B10: S02 | C10: 身份态度 | D10: 0 | E10: 0 | F10: 1 | G10: 0 | H10: 0 | I10: 0 | J10: 0 | K10: 0 | L10: 0 | M10: 0 | N10: 0 | O10: 0 | P10: 0 | Q10: 0 | R10: 0 | S10: 要求沈婆起身并否认身份
A11: S02-O02 | B11: S02 | C11: 身份态度 | D11: 0 | E11: 0 | F11: 0 | G11: 0 | H11: 0 | I11: 0 | J11: 0 | K11: 0 | L11: 0 | M11: 0 | N11: 0 | O11: 0 | P11: 0 | Q11: 0 | R11: 0 | S11: 追问旧法会，保留判断
A12: S02-O03 | B12: S02 | C12: 身份态度 | D12: 0 | E12: 1 | F12: -1 | G12: 1 | H12: 0 | I12: 0 | J12: 0 | K12: 0 | L12: 0 | M12: 0 | N12: 0 | O12: 0 | P12: 0 | Q12: 0 | R12: 0 | S12: 默认跪拜换取帮助；消息开始外泄
A13: C-S03-A-F-R | B13: S03 | C13: 关键 | D13: 1 | E13: 0 | F13: 1 | G13: 0 | H13: 0 | I13: 0 | J13: 0 | K13: 0 | L13: 0 | M13: 0 | N13: 0 | O13: 0 | P13: 0 | Q13: 0 | R13: 0 | S13: 两人先救伤者和孩子；骚乱暂缓，但无法解决整体饥荒
A14: C-S03-A-I-R | B14: S03 | C14: 关键 | D14: 1 | E14: 0 | F14: 1 | G14: 1 | H14: 0 | I14: 0 | J14: 0 | K14: 0 | L14: 0 | M14: 1 | N14: 0 | O14: 0 | P14: 0 | Q14: 0 | R14: 0 | S14: 阿禾带人找到后院藏粮，粮商记住她的脸
A15: C-S03-A-P-R | B15: S03 | C15: 冲突 | D15: 0 | E15: 0 | F15: 0 | G15: 0 | H15: 0 | I15: 0 | J15: 0 | K15: 0 | L15: 0 | M15: 0 | N15: 0 | O15: 0 | P15: 0 | Q15: 0 | R15: 0 | S15: 阿禾把画像推回去：‘纸上的人又不会搬粮。’
A16: C-S03-A-F-P | B16: S03 | C16: 普通 | D16: 1 | E16: 1 | F16: 0 | G16: 1 | H16: 0 | I16: 0 | J16: 0 | K16: 0 | L16: 0 | M16: 0 | N16: 0 | O16: 0 | P16: 0 | Q16: 0 | R16: 0 | S16: 阿芸以训练过的声音维持秩序，阿禾分粮；救助变快，但阿禾开始警惕
... A59: SYS-WEI-MID | B59: S05 | C59: 固定推进 | D59: 0 | E59: 0 | F59: 0 | G59: 2 | H59: 0 | I59: 0 | J59: 0 | K59: 0 | L59: 0 | M59: 0 | N59: 0 | O59: 0 | P59: 0 | Q59: 0 | R59: 0 | S59: 阿禾中信任时只带证据离开，不共享撤离路线；魏先在阿芸离开前截住她

Sheet 08可达路径测试
A1: 08｜结局可达路径与合法性自动测试
A2: 总测试=结局匹配＋事件ID完整＋逐步前置合法。修改07数值索引后，需同时确认AF、AI、AJ和AK列。
A4: 路线ID | B4: 路线名称 | C4: 步骤1 | D4: 步骤2 | E4: 步骤3 | F4: 步骤4 | G4: 步骤5 | H4: 步骤6 | I4: 步骤7 | J4: 步骤8 | K4: 步骤9 | L4: 步骤10 | M4: 步骤11 | N4: 步骤12 | O4: 承担 | P4: 依赖 | Q4: 信任 | R4: 追捕 | S4: 证据送出 | T4: 证据私藏 | U4: 带走银票 | V4: 重新佩印 | W4: 再次背叛 | X4: 接头线索 | Y4: 保护 | Z4: 地道 | AA4: 圣女 | AB4: 逃跑 | AC4: 无名失败 | AD4: 实际结局 | AE4: 预期结局 | AF4: 结局测试 | AG4: 设计说明 | AH4: 弃责状态 | AI4: ID完整性 | AJ4: 前置合法性 | AK4: 总测试
A5: R01 | B5: 继续前行—阿禾高信任同行 | C5: SYS-START | D5: S01-O01 | E5: S02-O01 | F5: C-S03-A-F-R | G5: S04-A04 | H5: S04-B01 | I5: K-LDG-AHE | J5: K-LTR-AHE | K5: K-SLV-VIC | L5: K-SEAL-DEST | M5: SYS-WEI | N5: ACT-PROTECT | O5: =0+SUMIF('07数值索引'!$A$5:$A$80,C5,'07数值索引'!$D$5:$D$80)+SUMIF('07数值索引'!$A$5:$A$80,D5,'07数值索引'!$D$5:$D$80)+SUMIF('07数值索引'!$A$5:$A$80,E5,'07数值索引'!$D$5:$D$80)+SUMIF('07数值索引'!$A$5:$A$80,F5,'07数值索引'!$D$5:$D$80)+SUMIF('07数值索引'!$A$5:$A$80,G5,'07数值索引'!$D$5:$D$80)+SUMIF('07数值索引'!$A$5:$A$80,H5,'07数值索引'!$D$5:$D$80)+SUMIF('07数值索引'!$A$5:$A$80,I5,'07数值索引'!$D$5:$D$80)+SUMIF('07数值索引'!$A$5:$A$80,J5,'07数值索引'!$D$5:$D$80)+SUMIF('07数值索引'!$A$5:$A$80,K5,'07数值索引'!$D$5:$D$80)+SUMIF('07数值索引'!$A$5:$A$80,L5,'07数值索引'!$D$5:$D$80)+SUMIF('07数值索引'!$A$5:$A$80,M5,'07数值索引'!$D$5:$D$80)+SUMIF('07数值索引'!$A$5:$A$80,N5,'07数值索引'!$D$5:$D$80) -> 16 | P5: =0+SUMIF('07数值索引'!$A$5:$A$80,C5,'07数值索引'!$E$5:$E$80)+SUMIF('07数值索引'!$A$5:$A$80,D5,'07数值索引'!$E$5:$E$80)+SUMIF('07数值索引'!$A$5:$A$80,E5,'07数值索引'!$E$5:$E$80)+SUMIF('07数值索引'!$A$5:$A$80,F5,'07数值索引'!$E$5:$E$80)+SUMIF('07数值索引'!$A$5:$A$80,G5,'07数值索引'!$E$5:$E$80)+SUMIF('07数值索引'!$A$5:$A$80,H5,'07数值索引'!$E$5:$E$80)+SUMIF('07数值索引'!$A$5:$A$80,I5,'07数值索引'!$E$5:$E$80)+SUMIF('07数值索引'!$A$5:$A$80,J5,'07数值索引'!$E$5:$E$80)+SUMIF('07数值索引'!$A$5:$A$80,K5,'07数值索引'!$E$5:$E$80)+SUMIF('07数值索引'!$A$5:$A$80,L5,'07数值索引'!$E$5:$E$80)+SUMIF('07数值索引'!$A$5:$A$80,M5,'07数值索引'!$E$5:$E$80)+SUMIF('07数值索引'!$A$5:$A$80,N5,'07数值索引'!$E$5:$E$80) -> -1 | Q5: =0+SUMIF('07数值索引'!$A$5:$A$80,C5,'07数值索引'!$F$5:$F$80)+SUMIF('07数值索引'!$A$5:$A$80,D5,'07数值索引'!$F$5:$F$80)+SUMIF('07数值索引'!$A$5:$A$80,E5,'07数值索引'!$F$5:$F$80)+SUMIF('07数值索引'!$A$5:$A$80,F5,'07数值索引'!$F$5:$F$80)+SUMIF('07数值索引'!$A$5:$A$80,G5,'07数值索引'!$F$5:$F$80)+SUMIF('07数值索引'!$A$5:$A$80,H5,'07数值索引'!$F$5:$F$80)+SUMIF('07数值索引'!$A$5:$A$80,I5,'07数值索引'!$F$5:$F$80)+SUMIF('07数值索引'!$A$5:$A$80,J5,'07数值索引'!$F$5:$F$80)+SUMIF('07数值索引'!$A$5:$A$80,K5,'07数值索引'!$F$5:$F$80)+SUMIF('07数值索引'!$A$5:$A$80,L5,'07数值索引'!$F$5:$F$80)+SUMIF('07数值索引'!$A$5:$A$80,M5,'07数值索引'!$F$5:$F$80)+SUMIF('07数值索引'!$A$5:$A$80,N5,'07数值索引'!$F$5:$F$80) -> 12 | R5: =0+SUMIF('07数值索引'!$A$5:$A$80,C5,'07数值索引'!$G$5:$G$80)+SUMIF('07数值索引'!$A$5:$A$80,D5,'07数值索引'!$G$5:$G$80)+SUMIF('07数值索引'!$A$5:$A$80,E5,'07数值索引'!$G$5:$G$80)+SUMIF('07数值索引'!$A$5:$A$80,F5,'07数值索引'!$G$5:$G$80)+SUMIF('07数值索引'!$A$5:$A$80,G5,'07数值索引'!$G$5:$G$80)+SUMIF('07数值索引'!$A$5:$A$80,H5,'07数值索引'!$G$5:$G$80)+SUMIF('07数值索引'!$A$5:$A$80,I5,'07数值索引'!$G$5:$G$80)+SUMIF('07数值索引'!$A$5:$A$80,J5,'07数值索引'!$G$5:$G$80)+SUMIF('07数值索引'!$A$5:$A$80,K5,'07数值索引'!$G$5:$G$80)+SUMIF('07数值索引'!$A$5:$A$80,L5,'07数值索引'!$G$5:$G$80)+SUMIF('07数值索引'!$A$5:$A$80,M5,'07数值索引'!$G$5:$G$80)+SUMIF('07数值索引'!$A$5:$A$80,N5,'07数值索引'!$G$5:$G$80) -> 5 | S5: =0+SUMIF('07数值索引'!$A$5:$A$80,C5,'07数值索引'!$H$5:$H$80)+SUMIF('07数值索引'!$A$5:$A$80,D5,'07数值索引'!$H$5:$H$80)+SUMIF('07数值索引'!$A$5:$A$80,E5,'07数值索引'!$H$5:$H$80)+SUMIF('07数值索引'!$A$5:$A$80,F5,'07数值索引'!$H$5:$H$80)+SUMIF('07数值索引'!$A$5:$A$80,G5,'07数值索引'!$H$5:$H$80)+SUMIF('07数值索引'!$A$5:$A$80,H5,'07数值索引'!$H$5:$H$80)+SUMIF('07数值索引'!$A$5:$A$80,I5,'07数值索引'!$H$5:$H$80)+SUMIF('07数值索引'!$A$5:$A$80,J5,'07数值索引'!$H$5:$H$80)+SUMIF('07数值索引'!$A$5:$A$80,K5,'07数值索引'!$H$5:$H$80)+SUMIF('07数值索引'!$A$5:$A$80,L5,'07数值索引'!$H$5:$H$80)+SUMIF('07数值索引'!$A$5:$A$80,M5,'07数值索引'!$H$5:$H$80)+SUMIF('07数值索引'!$A$5:$A$80,N5,'07数值索引'!$H$5:$H$80) -> 2 | T5: =0+SUMIF('07数值索引'!$A$5:$A$80,C5,'07数值索引'!$I$5:$I$80)+SUMIF('07数值索引'!$A$5:$A$80,D5,'07数值索引'!$I$5:$I$80)+SUMIF('07数值索引'!$A$5:$A$80,E5,'07数值索引'!$I$5:$I$80)+SUMIF('07数值索引'!$A$5:$A$80,F5,'07数值索引'!$I$5:$I$80)+SUMIF('07数值索引'!$A$5:$A$80,G5,'07数值索引'!$I$5:$I$80)+SUMIF('07数值索引'!$A$5:$A$80,H5,'07数值索引'!$I$5:$I$80)+SUMIF('07数值索引'!$A$5:$A$80,I5,'07数值索引'!$I$5:$I$80)+SUMIF('07数值索引'!$A$5:$A$80,J5,'07数值索引'!$I$5:$I$80)+SUMIF('07数值索引'!$A$5:$A$80,K5,'07数值索引'!$I$5:$I$80)+SUMIF('07数值索引'!$A$5:$A$80,L5,'07数值索引'!$I$5:$I$80)+SUMIF('07数值索引'!$A$5:$A$80,M5,'07数值索引'!$I$5:$I$80)+SUMIF('07数值索引'!$A$5:$A$80,N5,'07数值索引'!$I$5:$I$80) -> 0 | U5: =0+SUMIF('07数值索引'!$A$5:$A$80,C5,'07数值索引'!$J$5:$J$80)+SUMIF('07数值索引'!$A$5:$A$80,D5,'07数值索引'!$J$5:$J$80)+SUMIF('07数值索引'!$A$5:$A$80,E5,'07数值索引'!$J$5:$J$80)+SUMIF('07数值索引'!$A$5:$A$80,F5,'07数值索引'!$J$5:$J$80)+SUMIF('07数值索引'!$A$5:$A$80,G5,'07数值索引'!$J$5:$J$80)+SUMIF('07数值索引'!$A$5:$A$80,H5,'07数值索引'!$J$5:$J$80)+SUMIF('07数值索引'!$A$5:$A$80,I5,'07数值索引'!$J$5:$J$80)+SUMIF('07数值索引'!$A$5:$A$80,J5,'07数值索引'!$J$5:$J$80)+SUMIF('07数值索引'!$A$5:$A$80,K5,'07数值索引'!$J$5:$J$80)+SUMIF('07数值索引'!$A$5:$A$80,L5,'07数值索引'!$J$5:$J$80)+SUMIF('07数值索引'!$A$5:$A$80,M5,'07数值索引'!$J$5:$J$80)+SUMIF('07数值索引'!$A$5:$A$80,N5,'07数值索引'!$J$5:$J$80) -> 0 | V5: =0+SUMIF('07数值索引'!$A$5:$A$80,C5,'07数值索引'!$K$5:$K$80)+SUMIF('07数值索引'!$A$5:$A$80,D5,'07数值索引'!$K$5:$K$80)+SUMIF('07数值索引'!$A$5:$A$80,E5,'07数值索引'!$K$5:$K$80)+SUMIF('07数值索引'!$A$5:$A$80,F5,'07数值索引'!$K$5:$K$80)+SUMIF('07数值索引'!$A$5:$A$80,G5,'07数值索引'!$K$5:$K$80)+SUMIF('07数值索引'!$A$5:$A$80,H5,'07数值索引'!$K$5:$K$80)+SUMIF('07数值索引'!$A$5:$A$80,I5,'07数值索引'!$K$5:$K$80)+SUMIF('07数值索引'!$A$5:$A$80,J5,'07数值索引'!$K$5:$K$80)+SUMIF('07数值索引'!$A$5:$A$80,K5,'07数值索引'!$K$5:$K$80)+SUMIF('07数值索引'!$A$5:$A$80,L5,'07数值索引'!$K$5:$K$80)+SUMIF('07数值索引'!$A$5:$A$80,M5,'07数值索引'!$K$5:$K$80)+SUMIF('07数值索引'!$A$5:$A$80,N5,'07数值索引'!$K$5:$K$80) -> 0 | W5: =0+SUMIF('07数值索引'!$A$5:$A$80,C5,'07数值索引'!$L$5:$L$80)+SUMIF('07数值索引'!$A$5:$A$80,D5,'07数值索引'!$L$5:$L$80)+SUMIF('07数值索引'!$A$5:$A$80,E5,'07数值索引'!$L$5:$L$80)+SUMIF('07数值索引'!$A$5:$A$80,F5,'07数值索引'!$L$5:$L$80)+SUMIF('07数值索引'!$A$5:$A$80,G5,'07数值索引'!$L$5:$L$80)+SUMIF('07数值索引'!$A$5:$A$80,H5,'07数值索引'!$L$5:$L$80)+SUMIF('07数值索引'!$A$5:$A$80,I5,'07数值索引'!$L$5:$L$80)+SUMIF('07数值索引'!$A$5:$A$80,J5,'07数值索引'!$L$5:$L$80)+SUMIF('07数值索引'!$A$5:$A$80,K5,'07数值索引'!$L$5:$L$80)+SUMIF('07数值索引'!$A$5:$A$80,L5,'07数值索引'!$L$5:$L$80)+SUMIF('07数值索引'!$A$5:$A$80,M5,'07数值索引'!$L$5:$L$80)+SUMIF('07数值索引'!$A$5:$A$80,N5,'07数值索引'!$L$5:$L$80) -> 0 | X5: =0+SUMIF('07数值索引'!$A$5:$A$80,C5,'07数值索引'!$M$5:$M$80)+SUMIF('07数值索引'!$A$5:$A$80,D5,'07数值索引'!$M$5:$M$80)+SUMIF('07数值索引'!$A$5:$A$80,E5,'07数值索引'!$M$5:$M$80)+SUMIF('07数值索引'!$A$5:$A$80,F5,'07数值索引'!$M$5:$M$80)+SUMIF('07数值索引'!$A$5:$A$80,G5,'07数值索引'!$M$5:$M$80)+SUMIF('07数值索引'!$A$5:$A$80,H5,'07数值索引'!$M$5:$M$80)+SUMIF('07数值索引'!$A$5:$A$80,I5,'07数值索引'!$M$5:$M$80)+SUMIF('07数值索引'!$A$5:$A$80,J5,'07数值索引'!$M$5:$M$80)+SUMIF('07数值索引'!$A$5:$A$80,K5,'07数值索引'!$M$5:$M$80)+SUMIF('07数值索引'!$A$5:$A$80,L5,'07数值索引'!$M$5:$M$80)+SUMIF('07数值索引'!$A$5:$A$80,M5,'07数值索引'!$M$5:$M$80)+SUMIF('07数值索引'!$A$5:$A$80,N5,'07数值索引'!$M$5:$M$80) -> 0 | Y5: =0+SUMIF('07数值索引'!$A$5:$A$80,C5,'07数值索引'!$N$5:$N$80)+SUMIF('07数值索引'!$A$5:$A$80,D5,'07数值索引'!$N$5:$N$80)+SUMIF('07数值索引'!$A$5:$A$80,E5,'07数值索引'!$N$5:$N$80)+SUMIF('07数值索引'!$A$5:$A$80,F5,'07数值索引'!$N$5:$N$80)+SUMIF('07数值索引'!$A$5:$A$80,G5,'07数值索引'!$N$5:$N$80)+SUMIF('07数值索引'!$A$5:$A$80,H5,'07数值索引'!$N$5:$N$80)+SUMIF('07数值索引'!$A$5:$A$80,I5,'07数值索引'!$N$5:$N$80)+SUMIF('07数值索引'!$A$5:$A$80,J5,'07数值索引'!$N$5:$N$80)+SUMIF('07数值索引'!$A$5:$A$80,K5,'07数值索引'!$N$5:$N$80)+SUMIF('07数值索引'!$A$5:$A$80,L5,'07数值索引'!$N$5:$N$80)+SUMIF('07数值索引'!$A$5:$A$80,M5,'07数值索引'!$N$5:$N$80)+SUMIF('07数值索引'!$A$5:$A$80,N5,'07数值索引'!$N$5:$N$80) -> 1 | Z5: =0+SUMIF('07数值索引'!$A$5:$A$80,C5,'07数值索引'!$O$5:$O$80)+SUMIF('07数值索引'!$A$5:$A$80,D5,'07数值索引'!$O$5:$O$80)+SUMIF('07数值索引'!$A$5:$A$80,E5,'07数值索引'!$O$5:$O$80)+SUMIF('07数值索引'!$A$5:$A$80,F5,'07数值索引'!$O$5:$O$80)+SUMIF('07数值索引'!$A$5:$A$80,G5,'07数值索引'!$O$5:$O$80)+SUMIF('07数值索引'!$A$5:$A$80,H5,'07数值索引'!$O$5:$O$80)+SUMIF('07数值索引'!$A$5:$A$80,I5,'07数值索引'!$O$5:$O$80)+SUMIF('07数值索引'!$A$5:$A$80,J5,'07数值索引'!$O$5:$O$80)+SUMIF('07数值索引'!$A$5:$A$80,K5,'07数值索引'!$O$5:$O$80)+SUMIF('07数值索引'!$A$5:$A$80,L5,'07数值索引'!$O$5:$O$80)+SUMIF('07数值索引'!$A$5:$A$80,M5,'07数值索引'!$O$5:$O$80)+SUMIF('07数值索引'!$A$5:$A$80,N5,'07数值索引'!$O$5:$O$80) -> 0 | AA5: =0+SUMIF('07数值索引'!$A$5:$A$80,C5,'07数值索引'!$P$5:$P$80)+SUMIF('07数值索引'!$A$5:$A$80,D5,'07数值索引'!$P$5:$P$80)+SUMIF('07数值索引'!$A$5:$A$80,E5,'07数值索引'!$P$5:$P$80)+SUMIF('07数值索引'!$A$5:$A$80,F5,'07数值索引'!$P$5:$P$80)+SUMIF('07数值索引'!$A$5:$A$80,G5,'07数值索引'!$P$5:$P$80)+SUMIF('07数值索引'!$A$5:$A$80,H5,'07数值索引'!$P$5:$P$80)+SUMIF('07数值索引'!$A$5:$A$80,I5,'07数值索引'!$P$5:$P$80)+SUMIF('07数值索引'!$A$5:$A$80,J5,'07数值索引'!$P$5:$P$80)+SUMIF('07数值索引'!$A$5:$A$80,K5,'07数值索引'!$P$5:$P$80)+SUMIF('07数值索引'!$A$5:$A$80,L5,'07数值索引'!$P$5:$P$80)+SUMIF('07数值索引'!$A$5:$A$80,M5,'07数值索引'!$P$5:$P$80)+SUMIF('07数值索引'!$A$5:$A$80,N5,'07数值索引'!$P$5:$P$80) -> 0 | AB5: =0+SUMIF('07数值索引'!$A$5:$A$80,C5,'07数值索引'!$Q$5:$Q$80)+SUMIF('07数值索引'!$A$5:$A$80,D5,'07数值索引'!$Q$5:$Q$80)+SUMIF('07数值索引'!$A$5:$A$80,E5,'07数值索引'!$Q$5:$Q$80)+SUMIF('07数值索引'!$A$5:$A$80,F5,'07数值索引'!$Q$5:$Q$80)+SUMIF('07数值索引'!$A$5:$A$80,G5,'07数值索引'!$Q$5:$Q$80)+SUMIF('07数值索引'!$A$5:$A$80,H5,'07数值索引'!$Q$5:$Q$80)+SUMIF('07数值索引'!$A$5:$A$80,I5,'07数值索引'!$Q$5:$Q$80)+SUMIF('07数值索引'!$A$5:$A$80,J5,'07数值索引'!$Q$5:$Q$80)+SUMIF('07数值索引'!$A$5:$A$80,K5,'07数值索引'!$Q$5:$Q$80)+SUMIF('07数值索引'!$A$5:$A$80,L5,'07数值索引'!$Q$5:$Q$80)+SUMIF('07数值索引'!$A$5:$A$80,M5,'07数值索引'!$Q$5:$Q$80)+SUMIF('07数值索引'!$A$5:$A$80,N5,'07数值索引'!$Q$5:$Q$80) -> 0 | AC5: =0+SUMIF('07数值索引'!$A$5:$A$80,C5,'07数值索引'!$R$5:$R$80)+SUMIF('07数值索引'!$A$5:$A$80,D5,'07数值索引'!$R$5:$R$80)+SUMIF('07数值索引'!$A$5:$A$80,E5,'07数值索引'!$R$5:$R$80)+SUMIF('07数值索引'!$A$5:$A$80,F5,'07数值索引'!$R$5:$R$80)+SUMIF('07数值索引'!$A$5:$A$80,G5,'07数值索引'!$R$5:$R$80)+SUMIF('07数值索引'!$A$5:$A$80,H5,'07数值索引'!$R$5:$R$80)+SUMIF('07数值索引'!$A$5:$A$80,I5,'07数值索引'!$R$5:$R$80)+SUMIF('07数值索引'!$A$5:$A$80,J5,'07数值索引'!$R$5:$R$80)+SUMIF('07数值索引'!$A$5:$A$80,K5,'07数值索引'!$R$5:$R$80)+SUMIF('07数值索引'!$A$5:$A$80,L5,'07数值索引'!$R$5:$R$80)+SUMIF('07数值索引'!$A$5:$A$80,M5,'07数值索引'!$R$5:$R$80)+SUMIF('07数值索引'!$A$5:$A$80,N5,'07数值索引'!$R$5:$R$80) -> 0 | AD5: =IF(AC5>0,"《无名尸体》",IF(AND(Y5>0,R5>=6),"《证人之死》",IF(AND(AA5>0,R5>=8),"《最后一次神迹》",IF(AND(AB5>0,Q5<=-3,T5>=2,U5>0,W5>0,AH5="是"),"《审判》",IF(AND(AA5>0,P5>=5,V5>0),"《第二位圣女》",IF(AND(O5>=7,S5>=1,U5=0,P5<=4,OR(Q5>=4,Z5>0)),"《继续前行》","《逃避》")))))) -> 《继续前行》 | AE5: 《继续前行》 | AF5: =IF(AD5=AE5,"PASS","CHECK") -> PASS | AG5: 高信任解锁协作；低暴露使保护行动不致死 | AH5: =IF(AND(O5<=0,T5>=2,U5=1),"是","否") -> 否 | AI5: =IF(AND(OR(C5="",COUNTIF('07数值索引'!$A$5:$A$80,C5)=1),OR(D5="",COUNTIF('07数值索引'!$A$5:$A$80,D5)=1),OR(E5="",COUNTIF('07数值索引'!$A$5:$A$80,E5)=1),OR(F5="",COUNTIF('07数值索引'!$A$5:$A$80,F5)=1),OR(G5="",COUNTIF('07数值索引'!$A$5:$A$80,G5)=1),OR(H5="",COUNTIF('07数值索引'!$A$5:$A$80,H5)=1),OR(I5="",COUNTIF('07数值索引'!$A$5:$A$80,I5)=1),OR(J5="",COUNTIF('07数值索引'!$A$5:$A$80,J5)=1),OR(K5="",COUNTIF('07数值索引'!$A$5:$A$80,K5)=1),OR(L5="",COUNTIF('07数值索引'!$A$5:$A$80,L5)=1),OR(M5="",COUNTIF('07数值索引'!$A$5:$A$80,M5)=1),OR(N5="",COUNTIF('07数值索引'!$A$5:$A$80,N5)=1)),"PASS","CHECK") -> PASS | AJ5: =IFERROR(VLOOKUP(A5,'08A前置合法性'!$X$5:$Z$20,3,FALSE),"CHECK") -> PASS | AK5: =IF(AND(AF5="PASS",AI5="PASS",AJ5="PASS"),"PASS","CHECK") -> PASS
A6: R02 | B6: 继续前行—接头人独行 | C6: SYS-START | D6: S01-O03 | E6: S02-O02 | F6: C-S03-O-I-R | G6: S04-A03 | H6: S04-B01 | I6: K-LDG-REB | J6: K-LTR-REB | K6: K-SLV-REL | L6: K-SEAL-DEST | M6: SYS-WEI | N6: ACT-UNDER | O6: =0+SUMIF('07数值索引'!$A$5:$A$80,C6,'07数值索引'!$D$5:$D$80)+SUMIF('07数值索引'!$A$5:$A$80,D6,'07数值索引'!$D$5:$D$80)+SUMIF('07数值索引'!$A$5:$A$80,E6,'07数值索引'!$D$5:$D$80)+SUMIF('07数值索引'!$A$5:$A$80,F6,'07数值索引'!$D$5:$D$80)+SUMIF('07数值索引'!$A$5:$A$80,G6,'07数值索引'!$D$5:$D$80)+SUMIF('07数值索引'!$A$5:$A$80,H6,'07数值索引'!$D$5:$D$80)+SUMIF('07数值索引'!$A$5:$A$80,I6,'07数值索引'!$D$5:$D$80)+SUMIF('07数值索引'!$A$5:$A$80,J6,'07数值索引'!$D$5:$D$80)+SUMIF('07数值索引'!$A$5:$A$80,K6,'07数值索引'!$D$5:$D$80)+SUMIF('07数值索引'!$A$5:$A$80,L6,'07数值索引'!$D$5:$D$80)+SUMIF('07数值索引'!$A$5:$A$80,M6,'07数值索引'!$D$5:$D$80)+SUMIF('07数值索引'!$A$5:$A$80,N6,'07数值索引'!$D$5:$D$80) -> 14 | P6: =0+SUMIF('07数值索引'!$A$5:$A$80,C6,'07数值索引'!$E$5:$E$80)+SUMIF('07数值索引'!$A$5:$A$80,D6,'07数值索引'!$E$5:$E$80)+SUMIF('07数值索引'!$A$5:$A$80,E6,'07数值索引'!$E$5:$E$80)+SUMIF('07数值索引'!$A$5:$A$80,F6,'07数值索引'!$E$5:$E$80)+SUMIF('07数值索引'!$A$5:$A$80,G6,'07数值索引'!$E$5:$E$80)+SUMIF('07数值索引'!$A$5:$A$80,H6,'07数值索引'!$E$5:$E$80)+SUMIF('07数值索引'!$A$5:$A$80,I6,'07数值索引'!$E$5:$E$80)+SUMIF('07数值索引'!$A$5:$A$80,J6,'07数值索引'!$E$5:$E$80)+SUMIF('07数值索引'!$A$5:$A$80,K6,'07数值索引'!$E$5:$E$80)+SUMIF('07数值索引'!$A$5:$A$80,L6,'07数值索引'!$E$5:$E$80)+SUMIF('07数值索引'!$A$5:$A$80,M6,'07数值索引'!$E$5:$E$80)+SUMIF('07数值索引'!$A$5:$A$80,N6,'07数值索引'!$E$5:$E$80) -> -1 | Q6: =0+SUMIF('07数值索引'!$A$5:$A$80,C6,'07数值索引'!$F$5:$F$80)+SUMIF('07数值索引'!$A$5:$A$80,D6,'07数值索引'!$F$5:$F$80)+SUMIF('07数值索引'!$A$5:$A$80,E6,'07数值索引'!$F$5:$F$80)+SUMIF('07数值索引'!$A$5:$A$80,F6,'07数值索引'!$F$5:$F$80)+SUMIF('07数值索引'!$A$5:$A$80,G6,'07数值索引'!$F$5:$F$80)+SUMIF('07数值索引'!$A$5:$A$80,H6,'07数值索引'!$F$5:$F$80)+SUMIF('07数值索引'!$A$5:$A$80,I6,'07数值索引'!$F$5:$F$80)+SUMIF('07数值索引'!$A$5:$A$80,J6,'07数值索引'!$F$5:$F$80)+SUMIF('07数值索引'!$A$5:$A$80,K6,'07数值索引'!$F$5:$F$80)+SUMIF('07数值索引'!$A$5:$A$80,L6,'07数值索引'!$F$5:$F$80)+SUMIF('07数值索引'!$A$5:$A$80,M6,'07数值索引'!$F$5:$F$80)+SUMIF('07数值索引'!$A$5:$A$80,N6,'07数值索引'!$F$5:$F$80) -> 4 | R6: =0+SUMIF('07数值索引'!$A$5:$A$80,C6,'07数值索引'!$G$5:$G$80)+SUMIF('07数值索引'!$A$5:$A$80,D6,'07数值索引'!$G$5:$G$80)+SUMIF('07数值索引'!$A$5:$A$80,E6,'07数值索引'!$G$5:$G$80)+SUMIF('07数值索引'!$A$5:$A$80,F6,'07数值索引'!$G$5:$G$80)+SUMIF('07数值索引'!$A$5:$A$80,G6,'07数值索引'!$G$5:$G$80)+SUMIF('07数值索引'!$A$5:$A$80,H6,'07数值索引'!$G$5:$G$80)+SUMIF('07数值索引'!$A$5:$A$80,I6,'07数值索引'!$G$5:$G$80)+SUMIF('07数值索引'!$A$5:$A$80,J6,'07数值索引'!$G$5:$G$80)+SUMIF('07数值索引'!$A$5:$A$80,K6,'07数值索引'!$G$5:$G$80)+SUMIF('07数值索引'!$A$5:$A$80,L6,'07数值索引'!$G$5:$G$80)+SUMIF('07数值索引'!$A$5:$A$80,M6,'07数值索引'!$G$5:$G$80)+SUMIF('07数值索引'!$A$5:$A$80,N6,'07数值索引'!$G$5:$G$80) -> 2 | S6: =0+SUMIF('07数值索引'!$A$5:$A$80,C6,'07数值索引'!$H$5:$H$80)+SUMIF('07数值索引'!$A$5:$A$80,D6,'07数值索引'!$H$5:$H$80)+SUMIF('07数值索引'!$A$5:$A$80,E6,'07数值索引'!$H$5:$H$80)+SUMIF('07数值索引'!$A$5:$A$80,F6,'07数值索引'!$H$5:$H$80)+SUMIF('07数值索引'!$A$5:$A$80,G6,'07数值索引'!$H$5:$H$80)+SUMIF('07数值索引'!$A$5:$A$80,H6,'07数值索引'!$H$5:$H$80)+SUMIF('07数值索引'!$A$5:$A$80,I6,'07数值索引'!$H$5:$H$80)+SUMIF('07数值索引'!$A$5:$A$80,J6,'07数值索引'!$H$5:$H$80)+SUMIF('07数值索引'!$A$5:$A$80,K6,'07数值索引'!$H$5:$H$80)+SUMIF('07数值索引'!$A$5:$A$80,L6,'07数值索引'!$H$5:$H$80)+SUMIF('07数值索引'!$A$5:$A$80,M6,'07数值索引'!$H$5:$H$80)+SUMIF('07数值索引'!$A$5:$A$80,N6,'07数值索引'!$H$5:$H$80) -> 2 | T6: =0+SUMIF('07数值索引'!$A$5:$A$80,C6,'07数值索引'!$I$5:$I$80)+SUMIF('07数值索引'!$A$5:$A$80,D6,'07数值索引'!$I$5:$I$80)+SUMIF('07数值索引'!$A$5:$A$80,E6,'07数值索引'!$I$5:$I$80)+SUMIF('07数值索引'!$A$5:$A$80,F6,'07数值索引'!$I$5:$I$80)+SUMIF('07数值索引'!$A$5:$A$80,G6,'07数值索引'!$I$5:$I$80)+SUMIF('07数值索引'!$A$5:$A$80,H6,'07数值索引'!$I$5:$I$80)+SUMIF('07数值索引'!$A$5:$A$80,I6,'07数值索引'!$I$5:$I$80)+SUMIF('07数值索引'!$A$5:$A$80,J6,'07数值索引'!$I$5:$I$80)+SUMIF('07数值索引'!$A$5:$A$80,K6,'07数值索引'!$I$5:$I$80)+SUMIF('07数值索引'!$A$5:$A$80,L6,'07数值索引'!$I$5:$I$80)+SUMIF('07数值索引'!$A$5:$A$80,M6,'07数值索引'!$I$5:$I$80)+SUMIF('07数值索引'!$A$5:$A$80,N6,'07数值索引'!$I$5:$I$80) -> 0 | U6: =0+SUMIF('07数值索引'!$A$5:$A$80,C6,'07数值索引'!$J$5:$J$80)+SUMIF('07数值索引'!$A$5:$A$80,D6,'07数值索引'!$J$5:$J$80)+SUMIF('07数值索引'!$A$5:$A$80,E6,'07数值索引'!$J$5:$J$80)+SUMIF('07数值索引'!$A$5:$A$80,F6,'07数值索引'!$J$5:$J$80)+SUMIF('07数值索引'!$A$5:$A$80,G6,'07数值索引'!$J$5:$J$80)+SUMIF('07数值索引'!$A$5:$A$80,H6,'07数值索引'!$J$5:$J$80)+SUMIF('07数值索引'!$A$5:$A$80,I6,'07数值索引'!$J$5:$J$80)+SUMIF('07数值索引'!$A$5:$A$80,J6,'07数值索引'!$J$5:$J$80)+SUMIF('07数值索引'!$A$5:$A$80,K6,'07数值索引'!$J$5:$J$80)+SUMIF('07数值索引'!$A$5:$A$80,L6,'07数值索引'!$J$5:$J$80)+SUMIF('07数值索引'!$A$5:$A$80,M6,'07数值索引'!$J$5:$J$80)+SUMIF('07数值索引'!$A$5:$A$80,N6,'07数值索引'!$J$5:$J$80) -> 0 | V6: =0+SUMIF('07数值索引'!$A$5:$A$80,C6,'07数值索引'!$K$5:$K$80)+SUMIF('07数值索引'!$A$5:$A$80,D6,'07数值索引'!$K$5:$K$80)+SUMIF('07数值索引'!$A$5:$A$80,E6,'07数值索引'!$K$5:$K$80)+SUMIF('07数值索引'!$A$5:$A$80,F6,'07数值索引'!$K$5:$K$80)+SUMIF('07数值索引'!$A$5:$A$80,G6,'07数值索引'!$K$5:$K$80)+SUMIF('07数值索引'!$A$5:$A$80,H6,'07数值索引'!$K$5:$K$80)+SUMIF('07数值索引'!$A$5:$A$80,I6,'07数值索引'!$K$5:$K$80)+SUMIF('07数值索引'!$A$5:$A$80,J6,'07数值索引'!$K$5:$K$80)+SUMIF('07数值索引'!$A$5:$A$80,K6,'07数值索引'!$K$5:$K$80)+SUMIF('07数值索引'!$A$5:$A$80,L6,'07数值索引'!$K$5:$K$80)+SUMIF('07数值索引'!$A$5:$A$80,M6,'07数值索引'!$K$5:$K$80)+SUMIF('07数值索引'!$A$5:$A$80,N6,'07数值索引'!$K$5:$K$80) -> 0 | W6: =0+SUMIF('07数值索引'!$A$5:$A$80,C6,'07数值索引'!$L$5:$L$80)+SUMIF('07数值索引'!$A$5:$A$80,D6,'07数值索引'!$L$5:$L$80)+SUMIF('07数值索引'!$A$5:$A$80,E6,'07数值索引'!$L$5:$L$80)+SUMIF('07数值索引'!$A$5:$A$80,F6,'07数值索引'!$L$5:$L$80)+SUMIF('07数值索引'!$A$5:$A$80,G6,'07数值索引'!$L$5:$L$80)+SUMIF('07数值索引'!$A$5:$A$80,H6,'07数值索引'!$L$5:$L$80)+SUMIF('07数值索引'!$A$5:$A$80,I6,'07数值索引'!$L$5:$L$80)+SUMIF('07数值索引'!$A$5:$A$80,J6,'07数值索引'!$L$5:$L$80)+SUMIF('07数值索引'!$A$5:$A$80,K6,'07数值索引'!$L$5:$L$80)+SUMIF('07数值索引'!$A$5:$A$80,L6,'07数值索引'!$L$5:$L$80)+SUMIF('07数值索引'!$A$5:$A$80,M6,'07数值索引'!$L$5:$L$80)+SUMIF('07数值索引'!$A$5:$A$80,N6,'07数值索引'!$L$5:$L$80) -> 0 | X6: =0+SUMIF('07数值索引'!$A$5:$A$80,C6,'07数值索引'!$M$5:$M$80)+SUMIF('07数值索引'!$A$5:$A$80,D6,'07数值索引'!$M$5:$M$80)+SUMIF('07数值索引'!$A$5:$A$80,E6,'07数值索引'!$M$5:$M$80)+SUMIF('07数值索引'!$A$5:$A$80,F6,'07数值索引'!$M$5:$M$80)+SUMIF('07数值索引'!$A$5:$A$80,G6,'07数值索引'!$M$5:$M$80)+SUMIF('07数值索引'!$A$5:$A$80,H6,'07数值索引'!$M$5:$M$80)+SUMIF('07数值索引'!$A$5:$A$80,I6,'07数值索引'!$M$5:$M$80)+SUMIF('07数值索引'!$A$5:$A$80,J6,'07数值索引'!$M$5:$M$80)+SUMIF('07数值索引'!$A$5:$A$80,K6,'07数值索引'!$M$5:$M$80)+SUMIF('07数值索引'!$A$5:$A$80,L6,'07数值索引'!$M$5:$M$80)+SUMIF('07数值索引'!$A$5:$A$80,M6,'07数值索引'!$M$5:$M$80)+SUMIF('07数值索引'!$A$5:$A$80,N6,'07数值索引'!$M$5:$M$80) -> 4 | Y6: =0+SUMIF('07数值索引'!$A$5:$A$80,C6,'07数值索引'!$N$5:$N$80)+SUMIF('07数值索引'!$A$5:$A$80,D6,'07数值索引'!$N$5:$N$80)+SUMIF('07数值索引'!$A$5:$A$80,E6,'07数值索引'!$N$5:$N$80)+SUMIF('07数值索引'!$A$5:$A$80,F6,'07数值索引'!$N$5:$N$80)+SUMIF('07数值索引'!$A$5:$A$80,G6,'07数值索引'!$N$5:$N$80)+SUMIF('07数值索引'!$A$5:$A$80,H6,'07数值索引'!$N$5:$N$80)+SUMIF('07数值索引'!$A$5:$A$80,I6,'07数值索引'!$N$5:$N$80)+SUMIF('07数值索引'!$A$5:$A$80,J6,'07数值索引'!$N$5:$N$80)+SUMIF('07数值索引'!$A$5:$A$80,K6,'07数值索引'!$N$5:$N$80)+SUMIF('07数值索引'!$A$5:$A$80,L6,'07数值索引'!$N$5:$N$80)+SUMIF('07数值索引'!$A$5:$A$80,M6,'07数值索引'!$N$5:$N$80)+SUMIF('07数值索引'!$A$5:$A$80,N6,'07数值索引'!$N$5:$N$80) -> 0 | Z6: =0+SUMIF('07数值索引'!$A$5:$A$80,C6,'07数值索引'!$O$5:$O$80)+SUMIF('07数值索引'!$A$5:$A$80,D6,'07数值索引'!$O$5:$O$80)+SUMIF('07数值索引'!$A$5:$A$80,E6,'07数值索引'!$O$5:$O$80)+SUMIF('07数值索引'!$A$5:$A$80,F6,'07数值索引'!$O$5:$O$80)+SUMIF('07数值索引'!$A$5:$A$80,G6,'07数值索引'!$O$5:$O$80)+SUMIF('07数值索引'!$A$5:$A$80,H6,'07数值索引'!$O$5:$O$80)+SUMIF('07数值索引'!$A$5:$A$80,I6,'07数值索引'!$O$5:$O$80)+SUMIF('07数值索引'!$A$5:$A$80,J6,'07数值索引'!$O$5:$O$80)+SUMIF('07数值索引'!$A$5:$A$80,K6,'07数值索引'!$O$5:$O$80)+SUMIF('07数值索引'!$A$5:$A$80,L6,'07数值索引'!$O$5:$O$80)+SUMIF('07数值索引'!$A$5:$A$80,M6,'07数值索引'!$O$5:$O$80)+SUMIF('07数值索引'!$A$5:$A$80,N6,'07数值索引'!$O$5:$O$80) -> 1 | AA6: =0+SUMIF('07数值索引'!$A$5:$A$80,C6,'07数值索引'!$P$5:$P$80)+SUMIF('07数值索引'!$A$5:$A$80,D6,'07数值索引'!$P$5:$P$80)+SUMIF('07数值索引'!$A$5:$A$80,E6,'07数值索引'!$P$5:$P$80)+SUMIF('07数值索引'!$A$5:$A$80,F6,'07数值索引'!$P$5:$P$80)+SUMIF('07数值索引'!$A$5:$A$80,G6,'07数值索引'!$P$5:$P$80)+SUMIF('07数值索引'!$A$5:$A$80,H6,'07数值索引'!$P$5:$P$80)+SUMIF('07数值索引'!$A$5:$A$80,I6,'07数值索引'!$P$5:$P$80)+SUMIF('07数值索引'!$A$5:$A$80,J6,'07数值索引'!$P$5:$P$80)+SUMIF('07数值索引'!$A$5:$A$80,K6,'07数值索引'!$P$5:$P$80)+SUMIF('07数值索引'!$A$5:$A$80,L6,'07数值索引'!$P$5:$P$80)+SUMIF('07数值索引'!$A$5:$A$80,M6,'07数值索引'!$P$5:$P$80)+SUMIF('07数值索引'!$A$5:$A$80,N6,'07数值索引'!$P$5:$P$80) -> 0 | AB6: =0+SUMIF('07数值索引'!$A$5:$A$80,C6,'07数值索引'!$Q$5:$Q$80)+SUMIF('07数值索引'!$A$5:$A$80,D6,'07数值索引'!$Q$5:$Q$80)+SUMIF('07数值索引'!$A$5:$A$80,E6,'07数值索引'!$Q$5:$Q$80)+SUMIF('07数值索引'!$A$5:$A$80,F6,'07数值索引'!$Q$5:$Q$80)+SUMIF('07数值索引'!$A$5:$A$80,G6,'07数值索引'!$Q$5:$Q$80)+SUMIF('07数值索引'!$A$5:$A$80,H6,'07数值索引'!$Q$5:$Q$80)+SUMIF('07数值索引'!$A$5:$A$80,I6,'07数值索引'!$Q$5:$Q$80)+SUMIF('07数值索引'!$A$5:$A$80,J6,'07数值索引'!$Q$5:$Q$80)+SUMIF('07数值索引'!$A$5:$A$80,K6,'07数值索引'!$Q$5:$Q$80)+SUMIF('07数值索引'!$A$5:$A$80,L6,'07数值索引'!$Q$5:$Q$80)+SUMIF('07数值索引'!$A$5:$A$80,M6,'07数值索引'!$Q$5:$Q$80)+SUMIF('07数值索引'!$A$5:$A$80,N6,'07数值索引'!$Q$5:$Q$80) -> 0 | AC6: =0+SUMIF('07数值索引'!$A$5:$A$80,C6,'07数值索引'!$R$5:$R$80)+SUMIF('07数值索引'!$A$5:$A$80,D6,'07数值索引'!$R$5:$R$80)+SUMIF('07数值索引'!$A$5:$A$80,E6,'07数值索引'!$R$5:$R$80)+SUMIF('07数值索引'!$A$5:$A$80,F6,'07数值索引'!$R$5:$R$80)+SUMIF('07数值索引'!$A$5:$A$80,G6,'07数值索引'!$R$5:$R$80)+SUMIF('07数值索引'!$A$5:$A$80,H6,'07数值索引'!$R$5:$R$80)+SUMIF('07数值索引'!$A$5:$A$80,I6,'07数值索引'!$R$5:$R$80)+SUMIF('07数值索引'!$A$5:$A$80,J6,'07数值索引'!$R$5:$R$80)+SUMIF('07数值索引'!$A$5:$A$80,K6,'07数值索引'!$R$5:$R$80)+SUMIF('07数值索引'!$A$5:$A$80,L6,'07数值索引'!$R$5:$R$80)+SUMIF('07数值索引'!$A$5:$A$80,M6,'07数值索引'!$R$5:$R$80)+SUMIF('07数值索引'!$A$5:$A$80,N6,'07数值索引'!$R$5:$R$80) -> 0 | AD6: =IF(AC6>0,"《无名尸体》",IF(AND(Y6>0,R6>=6),"《证人之死》",IF(AND(AA6>0,R6>=8),"《最后一次神迹》",IF(AND(AB6>0,Q6<=-3,T6>=2,U6>0,W6>0,AH6="是"),"《审判》",IF(AND(AA6>0,P6>=5,V6>0),"《第二位圣女》",IF(AND(O6>=7,S6>=1,U6=0,P6<=4,OR(Q6>=4,Z6>0)),"《继续前行》","《逃避》")))))) -> 《继续前行》 | AE6: 《继续前行》 | AF6: =IF(AD6=AE6,"PASS","CHECK") -> PASS | AG6: 仓单与暗号验证渠道；不依赖阿禾原谅 | AH6: =IF(AND(O6<=0,T6>=2,U6=1),"是","否") -> 否 | AI6: =IF(AND(OR(C6="",COUNTIF('07数值索引'!$A$5:$A$80,C6)=1),OR(D6="",COUNTIF('07数值索引'!$A$5:$A$80,D6)=1),OR(E6="",COUNTIF('07数值索引'!$A$5:$A$80,E6)=1),OR(F6="",COUNTIF('07数值索引'!$A$5:$A$80,F6)=1),OR(G6="",COUNTIF('07数值索引'!$A$5:$A$80,G6)=1),OR(H6="",COUNTIF('07数值索引'!$A$5:$A$80,H6)=1),OR(I6="",COUNTIF('07数值索引'!$A$5:$A$80,I6)=1),OR(J6="",COUNTIF('07数值索引'!$A$5:$A$80,J6)=1),OR(K6="",COUNTIF('07数值索引'!$A$5:$A$80,K6)=1),OR(L6="",COUNTIF('07数值索引'!$A$5:$A$80,L6)=1),OR(M6="",COUNTIF('07数值索引'!$A$5:$A$80,M6)=1),OR(N6="",COUNTIF('07数值索引'!$A$5:$A$80,N6)=1)),"PASS","CHECK") -> PASS | AJ6: =IFERROR(VLOOKUP(A6,'08A前置合法性'!$X$5:$Z$20,3,FALSE),"CHECK") -> PASS | AK6: =IF(AND(AF6="PASS",AI6="PASS",AJ6="PASS"),"PASS","CHECK") -> PASS
A7: R03 | B7: 第二位圣女—阿禾中信任离开 | C7: SYS-START | D7: S01-O01 | E7: S02-O03 | F7: C-S03-A-F-P | G7: S04-A04 | H7: S04-B02 | I7: K-LDG-AHE | J7: K-LTR-KEEP | K7: K-SLV-VIC | L7: K-SEAL-WEAR | M7: SYS-WEI-MID | N7: ACT-SAINT | O7: =0+SUMIF('07数值索引'!$A$5:$A$80,C7,'07数值索引'!$D$5:$D$80)+SUMIF('07数值索引'!$A$5:$A$80,D7,'07数值索引'!$D$5:$D$80)+SUMIF('07数值索引'!$A$5:$A$80,E7,'07数值索引'!$D$5:$D$80)+SUMIF('07数值索引'!$A$5:$A$80,F7,'07数值索引'!$D$5:$D$80)+SUMIF('07数值索引'!$A$5:$A$80,G7,'07数值索引'!$D$5:$D$80)+SUMIF('07数值索引'!$A$5:$A$80,H7,'07数值索引'!$D$5:$D$80)+SUMIF('07数值索引'!$A$5:$A$80,I7,'07数值索引'!$D$5:$D$80)+SUMIF('07数值索引'!$A$5:$A$80,J7,'07数值索引'!$D$5:$D$80)+SUMIF('07数值索引'!$A$5:$A$80,K7,'07数值索引'!$D$5:$D$80)+SUMIF('07数值索引'!$A$5:$A$80,L7,'07数值索引'!$D$5:$D$80)+SUMIF('07数值索引'!$A$5:$A$80,M7,'07数值索引'!$D$5:$D$80)+SUMIF('07数值索引'!$A$5:$A$80,N7,'07数值索引'!$D$5:$D$80) -> 6 | P7: =0+SUMIF('07数值索引'!$A$5:$A$80,C7,'07数值索引'!$E$5:$E$80)+SUMIF('07数值索引'!$A$5:$A$80,D7,'07数值索引'!$E$5:$E$80)+SUMIF('07数值索引'!$A$5:$A$80,E7,'07数值索引'!$E$5:$E$80)+SUMIF('07数值索引'!$A$5:$A$80,F7,'07数值索引'!$E$5:$E$80)+SUMIF('07数值索引'!$A$5:$A$80,G7,'07数值索引'!$E$5:$E$80)+SUMIF('07数值索引'!$A$5:$A$80,H7,'07数值索引'!$E$5:$E$80)+SUMIF('07数值索引'!$A$5:$A$80,I7,'07数值索引'!$E$5:$E$80)+SUMIF('07数值索引'!$A$5:$A$80,J7,'07数值索引'!$E$5:$E$80)+SUMIF('07数值索引'!$A$5:$A$80,K7,'07数值索引'!$E$5:$E$80)+SUMIF('07数值索引'!$A$5:$A$80,L7,'07数值索引'!$E$5:$E$80)+SUMIF('07数值索引'!$A$5:$A$80,M7,'07数值索引'!$E$5:$E$80)+SUMIF('07数值索引'!$A$5:$A$80,N7,'07数值索引'!$E$5:$E$80) -> 8 | Q7: =0+SUMIF('07数值索引'!$A$5:$A$80,C7,'07数值索引'!$F$5:$F$80)+SUMIF('07数值索引'!$A$5:$A$80,D7,'07数值索引'!$F$5:$F$80)+SUMIF('07数值索引'!$A$5:$A$80,E7,'07数值索引'!$F$5:$F$80)+SUMIF('07数值索引'!$A$5:$A$80,F7,'07数值索引'!$F$5:$F$80)+SUMIF('07数值索引'!$A$5:$A$80,G7,'07数值索引'!$F$5:$F$80)+SUMIF('07数值索引'!$A$5:$A$80,H7,'07数值索引'!$F$5:$F$80)+SUMIF('07数值索引'!$A$5:$A$80,I7,'07数值索引'!$F$5:$F$80)+SUMIF('07数值索引'!$A$5:$A$80,J7,'07数值索引'!$F$5:$F$80)+SUMIF('07数值索引'!$A$5:$A$80,K7,'07数值索引'!$F$5:$F$80)+SUMIF('07数值索引'!$A$5:$A$80,L7,'07数值索引'!$F$5:$F$80)+SUMIF('07数值索引'!$A$5:$A$80,M7,'07数值索引'!$F$5:$F$80)+SUMIF('07数值索引'!$A$5:$A$80,N7,'07数值索引'!$F$5:$F$80) -> 1 | R7: =0+SUMIF('07数值索引'!$A$5:$A$80,C7,'07数值索引'!$G$5:$G$80)+SUMIF('07数值索引'!$A$5:$A$80,D7,'07数值索引'!$G$5:$G$80)+SUMIF('07数值索引'!$A$5:$A$80,E7,'07数值索引'!$G$5:$G$80)+SUMIF('07数值索引'!$A$5:$A$80,F7,'07数值索引'!$G$5:$G$80)+SUMIF('07数值索引'!$A$5:$A$80,G7,'07数值索引'!$G$5:$G$80)+SUMIF('07数值索引'!$A$5:$A$80,H7,'07数值索引'!$G$5:$G$80)+SUMIF('07数值索引'!$A$5:$A$80,I7,'07数值索引'!$G$5:$G$80)+SUMIF('07数值索引'!$A$5:$A$80,J7,'07数值索引'!$G$5:$G$80)+SUMIF('07数值索引'!$A$5:$A$80,K7,'07数值索引'!$G$5:$G$80)+SUMIF('07数值索引'!$A$5:$A$80,L7,'07数值索引'!$G$5:$G$80)+SUMIF('07数值索引'!$A$5:$A$80,M7,'07数值索引'!$G$5:$G$80)+SUMIF('07数值索引'!$A$5:$A$80,N7,'07数值索引'!$G$5:$G$80) -> 7 | S7: =0+SUMIF('07数值索引'!$A$5:$A$80,C7,'07数值索引'!$H$5:$H$80)+SUMIF('07数值索引'!$A$5:$A$80,D7,'07数值索引'!$H$5:$H$80)+SUMIF('07数值索引'!$A$5:$A$80,E7,'07数值索引'!$H$5:$H$80)+SUMIF('07数值索引'!$A$5:$A$80,F7,'07数值索引'!$H$5:$H$80)+SUMIF('07数值索引'!$A$5:$A$80,G7,'07数值索引'!$H$5:$H$80)+SUMIF('07数值索引'!$A$5:$A$80,H7,'07数值索引'!$H$5:$H$80)+SUMIF('07数值索引'!$A$5:$A$80,I7,'07数值索引'!$H$5:$H$80)+SUMIF('07数值索引'!$A$5:$A$80,J7,'07数值索引'!$H$5:$H$80)+SUMIF('07数值索引'!$A$5:$A$80,K7,'07数值索引'!$H$5:$H$80)+SUMIF('07数值索引'!$A$5:$A$80,L7,'07数值索引'!$H$5:$H$80)+SUMIF('07数值索引'!$A$5:$A$80,M7,'07数值索引'!$H$5:$H$80)+SUMIF('07数值索引'!$A$5:$A$80,N7,'07数值索引'!$H$5:$H$80) -> 1 | T7: =0+SUMIF('07数值索引'!$A$5:$A$80,C7,'07数值索引'!$I$5:$I$80)+SUMIF('07数值索引'!$A$5:$A$80,D7,'07数值索引'!$I$5:$I$80)+SUMIF('07数值索引'!$A$5:$A$80,E7,'07数值索引'!$I$5:$I$80)+SUMIF('07数值索引'!$A$5:$A$80,F7,'07数值索引'!$I$5:$I$80)+SUMIF('07数值索引'!$A$5:$A$80,G7,'07数值索引'!$I$5:$I$80)+SUMIF('07数值索引'!$A$5:$A$80,H7,'07数值索引'!$I$5:$I$80)+SUMIF('07数值索引'!$A$5:$A$80,I7,'07数值索引'!$I$5:$I$80)+SUMIF('07数值索引'!$A$5:$A$80,J7,'07数值索引'!$I$5:$I$80)+SUMIF('07数值索引'!$A$5:$A$80,K7,'07数值索引'!$I$5:$I$80)+SUMIF('07数值索引'!$A$5:$A$80,L7,'07数值索引'!$I$5:$I$80)+SUMIF('07数值索引'!$A$5:$A$80,M7,'07数值索引'!$I$5:$I$80)+SUMIF('07数值索引'!$A$5:$A$80,N7,'07数值索引'!$I$5:$I$80) -> 1 | U7: =0+SUMIF('07数值索引'!$A$5:$A$80,C7,'07数值索引'!$J$5:$J$80)+SUMIF('07数值索引'!$A$5:$A$80,D7,'07数值索引'!$J$5:$J$80)+SUMIF('07数值索引'!$A$5:$A$80,E7,'07数值索引'!$J$5:$J$80)+SUMIF('07数值索引'!$A$5:$A$80,F7,'07数值索引'!$J$5:$J$80)+SUMIF('07数值索引'!$A$5:$A$80,G7,'07数值索引'!$J$5:$J$80)+SUMIF('07数值索引'!$A$5:$A$80,H7,'07数值索引'!$J$5:$J$80)+SUMIF('07数值索引'!$A$5:$A$80,I7,'07数值索引'!$J$5:$J$80)+SUMIF('07数值索引'!$A$5:$A$80,J7,'07数值索引'!$J$5:$J$80)+SUMIF('07数值索引'!$A$5:$A$80,K7,'07数值索引'!$J$5:$J$80)+SUMIF('07数值索引'!$A$5:$A$80,L7,'07数值索引'!$J$5:$J$80)+SUMIF('07数值索引'!$A$5:$A$80,M7,'07数值索引'!$J$5:$J$80)+SUMIF('07数值索引'!$A$5:$A$80,N7,'07数值索引'!$J$5:$J$80) -> 0 | V7: =0+SUMIF('07数值索引'!$A$5:$A$80,C7,'07数值索引'!$K$5:$K$80)+SUMIF('07数值索引'!$A$5:$A$80,D7,'07数值索引'!$K$5:$K$80)+SUMIF('07数值索引'!$A$5:$A$80,E7,'07数值索引'!$K$5:$K$80)+SUMIF('07数值索引'!$A$5:$A$80,F7,'07数值索引'!$K$5:$K$80)+SUMIF('07数值索引'!$A$5:$A$80,G7,'07数值索引'!$K$5:$K$80)+SUMIF('07数值索引'!$A$5:$A$80,H7,'07数值索引'!$K$5:$K$80)+SUMIF('07数值索引'!$A$5:$A$80,I7,'07数值索引'!$K$5:$K$80)+SUMIF('07数值索引'!$A$5:$A$80,J7,'07数值索引'!$K$5:$K$80)+SUMIF('07数值索引'!$A$5:$A$80,K7,'07数值索引'!$K$5:$K$80)+SUMIF('07数值索引'!$A$5:$A$80,L7,'07数值索引'!$K$5:$K$80)+SUMIF('07数值索引'!$A$5:$A$80,M7,'07数值索引'!$K$5:$K$80)+SUMIF('07数值索引'!$A$5:$A$80,N7,'07数值索引'!$K$5:$K$80) -> 1 | W7: =0+SUMIF('07数值索引'!$A$5:$A$80,C7,'07数值索引'!$L$5:$L$80)+SUMIF('07数值索引'!$A$5:$A$80,D7,'07数值索引'!$L$5:$L$80)+SUMIF('07数值索引'!$A$5:$A$80,E7,'07数值索引'!$L$5:$L$80)+SUMIF('07数值索引'!$A$5:$A$80,F7,'07数值索引'!$L$5:$L$80)+SUMIF('07数值索引'!$A$5:$A$80,G7,'07数值索引'!$L$5:$L$80)+SUMIF('07数值索引'!$A$5:$A$80,H7,'07数值索引'!$L$5:$L$80)+SUMIF('07数值索引'!$A$5:$A$80,I7,'07数值索引'!$L$5:$L$80)+SUMIF('07数值索引'!$A$5:$A$80,J7,'07数值索引'!$L$5:$L$80)+SUMIF('07数值索引'!$A$5:$A$80,K7,'07数值索引'!$L$5:$L$80)+SUMIF('07数值索引'!$A$5:$A$80,L7,'07数值索引'!$L$5:$L$80)+SUMIF('07数值索引'!$A$5:$A$80,M7,'07数值索引'!$L$5:$L$80)+SUMIF('07数值索引'!$A$5:$A$80,N7,'07数值索引'!$L$5:$L$80) -> 0 | X7: =0+SUMIF('07数值索引'!$A$5:$A$80,C7,'07数值索引'!$M$5:$M$80)+SUMIF('07数值索引'!$A$5:$A$80,D7,'07数值索引'!$M$5:$M$80)+SUMIF('07数值索引'!$A$5:$A$80,E7,'07数值索引'!$M$5:$M$80)+SUMIF('07数值索引'!$A$5:$A$80,F7,'07数值索引'!$M$5:$M$80)+SUMIF('07数值索引'!$A$5:$A$80,G7,'07数值索引'!$M$5:$M$80)+SUMIF('07数值索引'!$A$5:$A$80,H7,'07数值索引'!$M$5:$M$80)+SUMIF('07数值索引'!$A$5:$A$80,I7,'07数值索引'!$M$5:$M$80)+SUMIF('07数值索引'!$A$5:$A$80,J7,'07数值索引'!$M$5:$M$80)+SUMIF('07数值索引'!$A$5:$A$80,K7,'07数值索引'!$M$5:$M$80)+SUMIF('07数值索引'!$A$5:$A$80,L7,'07数值索引'!$M$5:$M$80)+SUMIF('07数值索引'!$A$5:$A$80,M7,'07数值索引'!$M$5:$M$80)+SUMIF('07数值索引'!$A$5:$A$80,N7,'07数值索引'!$M$5:$M$80) -> 0 | Y7: =0+SUMIF('07数值索引'!$A$5:$A$80,C7,'07数值索引'!$N$5:$N$80)+SUMIF('07数值索引'!$A$5:$A$80,D7,'07数值索引'!$N$5:$N$80)+SUMIF('07数值索引'!$A$5:$A$80,E7,'07数值索引'!$N$5:$N$80)+SUMIF('07数值索引'!$A$5:$A$80,F7,'07数值索引'!$N$5:$N$80)+SUMIF('07数值索引'!$A$5:$A$80,G7,'07数值索引'!$N$5:$N$80)+SUMIF('07数值索引'!$A$5:$A$80,H7,'07数值索引'!$N$5:$N$80)+SUMIF('07数值索引'!$A$5:$A$80,I7,'07数值索引'!$N$5:$N$80)+SUMIF('07数值索引'!$A$5:$A$80,J7,'07数值索引'!$N$5:$N$80)+SUMIF('07数值索引'!$A$5:$A$80,K7,'07数值索引'!$N$5:$N$80)+SUMIF('07数值索引'!$A$5:$A$80,L7,'07数值索引'!$N$5:$N$80)+SUMIF('07数值索引'!$A$5:$A$80,M7,'07数值索引'!$N$5:$N$80)+SUMIF('07数值索引'!$A$5:$A$80,N7,'07数值索引'!$N$5:$N$80) -> 0 | Z7: =0+SUMIF('07数值索引'!$A$5:$A$80,C7,'07数值索引'!$O$5:$O$80)+SUMIF('07数值索引'!$A$5:$A$80,D7,'07数值索引'!$O$5:$O$80)+SUMIF('07数值索引'!$A$5:$A$80,E7,'07数值索引'!$O$5:$O$80)+SUMIF('07数值索引'!$A$5:$A$80,F7,'07数值索引'!$O$5:$O$80)+SUMIF('07数值索引'!$A$5:$A$80,G7,'07数值索引'!$O$5:$O$80)+SUMIF('07数值索引'!$A$5:$A$80,H7,'07数值索引'!$O$5:$O$80)+SUMIF('07数值索引'!$A$5:$A$80,I7,'07数值索引'!$O$5:$O$80)+SUMIF('07数值索引'!$A$5:$A$80,J7,'07数值索引'!$O$5:$O$80)+SUMIF('07数值索引'!$A$5:$A$80,K7,'07数值索引'!$O$5:$O$80)+SUMIF('07数值索引'!$A$5:$A$80,L7,'07数值索引'!$O$5:$O$80)+SUMIF('07数值索引'!$A$5:$A$80,M7,'07数值索引'!$O$5:$O$80)+SUMIF('07数值索引'!$A$5:$A$80,N7,'07数值索引'!$O$5:$O$80) -> 0 | AA7: =0+SUMIF('07数值索引'!$A$5:$A$80,C7,'07数值索引'!$P$5:$P$80)+SUMIF('07数值索引'!$A$5:$A$80,D7,'07数值索引'!$P$5:$P$80)+SUMIF('07数值索引'!$A$5:$A$80,E7,'07数值索引'!$P$5:$P$80)+SUMIF('07数值索引'!$A$5:$A$80,F7,'07数值索引'!$P$5:$P$80)+SUMIF('07数值索引'!$A$5:$A$80,G7,'07数值索引'!$P$5:$P$80)+SUMIF('07数值索引'!$A$5:$A$80,H7,'07数值索引'!$P$5:$P$80)+SUMIF('07数值索引'!$A$5:$A$80,I7,'07数值索引'!$P$5:$P$80)+SUMIF('07数值索引'!$A$5:$A$80,J7,'07数值索引'!$P$5:$P$80)+SUMIF('07数值索引'!$A$5:$A$80,K7,'07数值索引'!$P$5:$P$80)+SUMIF('07数值索引'!$A$5:$A$80,L7,'07数值索引'!$P$5:$P$80)+SUMIF('07数值索引'!$A$5:$A$80,M7,'07数值索引'!$P$5:$P$80)+SUMIF('07数值索引'!$A$5:$A$80,N7,'07数值索引'!$P$5:$P$80) -> 1 | AB7: =0+SUMIF('07数值索引'!$A$5:$A$80,C7,'07数值索引'!$Q$5:$Q$80)+SUMIF('07数值索引'!$A$5:$A$80,D7,'07数值索引'!$Q$5:$Q$80)+SUMIF('07数值索引'!$A$5:$A$80,E7,'07数值索引'!$Q$5:$Q$80)+SUMIF('07数值索引'!$A$5:$A$80,F7,'07数值索引'!$Q$5:$Q$80)+SUMIF('07数值索引'!$A$5:$A$80,G7,'07数值索引'!$Q$5:$Q$80)+SUMIF('07数值索引'!$A$5:$A$80,H7,'07数值索引'!$Q$5:$Q$80)+SUMIF('07数值索引'!$A$5:$A$80,I7,'07数值索引'!$Q$5:$Q$80)+SUMIF('07数值索引'!$A$5:$A$80,J7,'07数值索引'!$Q$5:$Q$80)+SUMIF('07数值索引'!$A$5:$A$80,K7,'07数值索引'!$Q$5:$Q$80)+SUMIF('07数值索引'!$A$5:$A$80,L7,'07数值索引'!$Q$5:$Q$80)+SUMIF('07数值索引'!$A$5:$A$80,M7,'07数值索引'!$Q$5:$Q$80)+SUMIF('07数值索引'!$A$5:$A$80,N7,'07数值索引'!$Q$5:$Q$80) -> 0 | AC7: =0+SUMIF('07数值索引'!$A$5:$A$80,C7,'07数值索引'!$R$5:$R$80)+SUMIF('07数值索引'!$A$5:$A$80,D7,'07数值索引'!$R$5:$R$80)+SUMIF('07数值索引'!$A$5:$A$80,E7,'07数值索引'!$R$5:$R$80)+SUMIF('07数值索引'!$A$5:$A$80,F7,'07数值索引'!$R$5:$R$80)+SUMIF('07数值索引'!$A$5:$A$80,G7,'07数值索引'!$R$5:$R$80)+SUMIF('07数值索引'!$A$5:$A$80,H7,'07数值索引'!$R$5:$R$80)+SUMIF('07数值索引'!$A$5:$A$80,I7,'07数值索引'!$R$5:$R$80)+SUMIF('07数值索引'!$A$5:$A$80,J7,'07数值索引'!$R$5:$R$80)+SUMIF('07数值索引'!$A$5:$A$80,K7,'07数值索引'!$R$5:$R$80)+SUMIF('07数值索引'!$A$5:$A$80,L7,'07数值索引'!$R$5:$R$80)+SUMIF('07数值索引'!$A$5:$A$80,M7,'07数值索引'!$R$5:$R$80)+SUMIF('07数值索引'!$A$5:$A$80,N7,'07数值索引'!$R$5:$R$80) -> 0 | AD7: =IF(AC7>0,"《无名尸体》",IF(AND(Y7>0,R7>=6),"《证人之死》",IF(AND(AA7>0,R7>=8),"《最后一次神迹》",IF(AND(AB7>0,Q7<=-3,T7>=2,U7>0,W7>0,AH7="是"),"《审判》",IF(AND(AA7>0,P7>=5,V7>0),"《第二位圣女》",IF(AND(O7>=7,S7>=1,U7=0,P7<=4,OR(Q7>=4,Z7>0)),"《继续前行》","《逃避》")))))) -> 《第二位圣女》 | AE7: 《第二位圣女》 | AF7: =IF(AD7=AE7,"PASS","CHECK") -> PASS | AG7: 阿禾带账簿离开；阿芸用剩余密函与旧印重新掌权 | AH7: =IF(AND(O7<=0,T7>=2,U7=1),"是","否") -> 否 | AI7: =IF(AND(OR(C7="",COUNTIF('07数值索引'!$A$5:$A$80,C7)=1),OR(D7="",COUNTIF('07数值索引'!$A$5:$A$80,D7)=1),OR(E7="",COUNTIF('07数值索引'!$A$5:$A$80,E7)=1),OR(F7="",COUNTIF('07数值索引'!$A$5:$A$80,F7)=1),OR(G7="",COUNTIF('07数值索引'!$A$5:$A$80,G7)=1),OR(H7="",COUNTIF('07数值索引'!$A$5:$A$80,H7)=1),OR(I7="",COUNTIF('07数值索引'!$A$5:$A$80,I7)=1),OR(J7="",COUNTIF('07数值索引'!$A$5:$A$80,J7)=1),OR(K7="",COUNTIF('07数值索引'!$A$5:$A$80,K7)=1),OR(L7="",COUNTIF('07数值索引'!$A$5:$A$80,L7)=1),OR(M7="",COUNTIF('07数值索引'!$A$5:$A$80,M7)=1),OR(N7="",COUNTIF('07数值索引'!$A$5:$A$80,N7)=1)),"PASS","CHECK") -> PASS | AJ7: =IFERROR(VLOOKUP(A7,'08A前置合法性'!$X$5:$Z$20,3,FALSE),"CHECK") -> PASS | AK7: =IF(AND(AF7="PASS",AI7="PASS",AJ7="PASS"),"PASS","CHECK") -> PASS
A8: R04 | B8: 逃避—自行保留并携款 | C8: SYS-START | D8: S01-O02 | E8: S02-O02 | F8: C-S03-O-I-R | G8: S04-A02 | H8: S04-B03 | I8: K-LDG-KEEP | J8: K-LTR-KEEP | K8: K-SLV-TAKE | L8: K-SEAL-HIDE | M8: SYS-WEI | N8: ACT-ESCAPE | O8: =0+SUMIF('07数值索引'!$A$5:$A$80,C8,'07数值索引'!$D$5:$D$80)+SUMIF('07数值索引'!$A$5:$A$80,D8,'07数值索引'!$D$5:$D$80)+SUMIF('07数值索引'!$A$5:$A$80,E8,'07数值索引'!$D$5:$D$80)+SUMIF('07数值索引'!$A$5:$A$80,F8,'07数值索引'!$D$5:$D$80)+SUMIF('07数值索引'!$A$5:$A$80,G8,'07数值索引'!$D$5:$D$80)+SUMIF('07数值索引'!$A$5:$A$80,H8,'07数值索引'!$D$5:$D$80)+SUMIF('07数值索引'!$A$5:$A$80,I8,'07数值索引'!$D$5:$D$80)+SUMIF('07数值索引'!$A$5:$A$80,J8,'07数值索引'!$D$5:$D$80)+SUMIF('07数值索引'!$A$5:$A$80,K8,'07数值索引'!$D$5:$D$80)+SUMIF('07数值索引'!$A$5:$A$80,L8,'07数值索引'!$D$5:$D$80)+SUMIF('07数值索引'!$A$5:$A$80,M8,'07数值索引'!$D$5:$D$80)+SUMIF('07数值索引'!$A$5:$A$80,N8,'07数值索引'!$D$5:$D$80) -> -9 | P8: =0+SUMIF('07数值索引'!$A$5:$A$80,C8,'07数值索引'!$E$5:$E$80)+SUMIF('07数值索引'!$A$5:$A$80,D8,'07数值索引'!$E$5:$E$80)+SUMIF('07数值索引'!$A$5:$A$80,E8,'07数值索引'!$E$5:$E$80)+SUMIF('07数值索引'!$A$5:$A$80,F8,'07数值索引'!$E$5:$E$80)+SUMIF('07数值索引'!$A$5:$A$80,G8,'07数值索引'!$E$5:$E$80)+SUMIF('07数值索引'!$A$5:$A$80,H8,'07数值索引'!$E$5:$E$80)+SUMIF('07数值索引'!$A$5:$A$80,I8,'07数值索引'!$E$5:$E$80)+SUMIF('07数值索引'!$A$5:$A$80,J8,'07数值索引'!$E$5:$E$80)+SUMIF('07数值索引'!$A$5:$A$80,K8,'07数值索引'!$E$5:$E$80)+SUMIF('07数值索引'!$A$5:$A$80,L8,'07数值索引'!$E$5:$E$80)+SUMIF('07数值索引'!$A$5:$A$80,M8,'07数值索引'!$E$5:$E$80)+SUMIF('07数值索引'!$A$5:$A$80,N8,'07数值索引'!$E$5:$E$80) -> 1 | Q8: =0+SUMIF('07数值索引'!$A$5:$A$80,C8,'07数值索引'!$F$5:$F$80)+SUMIF('07数值索引'!$A$5:$A$80,D8,'07数值索引'!$F$5:$F$80)+SUMIF('07数值索引'!$A$5:$A$80,E8,'07数值索引'!$F$5:$F$80)+SUMIF('07数值索引'!$A$5:$A$80,F8,'07数值索引'!$F$5:$F$80)+SUMIF('07数值索引'!$A$5:$A$80,G8,'07数值索引'!$F$5:$F$80)+SUMIF('07数值索引'!$A$5:$A$80,H8,'07数值索引'!$F$5:$F$80)+SUMIF('07数值索引'!$A$5:$A$80,I8,'07数值索引'!$F$5:$F$80)+SUMIF('07数值索引'!$A$5:$A$80,J8,'07数值索引'!$F$5:$F$80)+SUMIF('07数值索引'!$A$5:$A$80,K8,'07数值索引'!$F$5:$F$80)+SUMIF('07数值索引'!$A$5:$A$80,L8,'07数值索引'!$F$5:$F$80)+SUMIF('07数值索引'!$A$5:$A$80,M8,'07数值索引'!$F$5:$F$80)+SUMIF('07数值索引'!$A$5:$A$80,N8,'07数值索引'!$F$5:$F$80) -> -7 | R8: =0+SUMIF('07数值索引'!$A$5:$A$80,C8,'07数值索引'!$G$5:$G$80)+SUMIF('07数值索引'!$A$5:$A$80,D8,'07数值索引'!$G$5:$G$80)+SUMIF('07数值索引'!$A$5:$A$80,E8,'07数值索引'!$G$5:$G$80)+SUMIF('07数值索引'!$A$5:$A$80,F8,'07数值索引'!$G$5:$G$80)+SUMIF('07数值索引'!$A$5:$A$80,G8,'07数值索引'!$G$5:$G$80)+SUMIF('07数值索引'!$A$5:$A$80,H8,'07数值索引'!$G$5:$G$80)+SUMIF('07数值索引'!$A$5:$A$80,I8,'07数值索引'!$G$5:$G$80)+SUMIF('07数值索引'!$A$5:$A$80,J8,'07数值索引'!$G$5:$G$80)+SUMIF('07数值索引'!$A$5:$A$80,K8,'07数值索引'!$G$5:$G$80)+SUMIF('07数值索引'!$A$5:$A$80,L8,'07数值索引'!$G$5:$G$80)+SUMIF('07数值索引'!$A$5:$A$80,M8,'07数值索引'!$G$5:$G$80)+SUMIF('07数值索引'!$A$5:$A$80,N8,'07数值索引'!$G$5:$G$80) -> 3 | S8: =0+SUMIF('07数值索引'!$A$5:$A$80,C8,'07数值索引'!$H$5:$H$80)+SUMIF('07数值索引'!$A$5:$A$80,D8,'07数值索引'!$H$5:$H$80)+SUMIF('07数值索引'!$A$5:$A$80,E8,'07数值索引'!$H$5:$H$80)+SUMIF('07数值索引'!$A$5:$A$80,F8,'07数值索引'!$H$5:$H$80)+SUMIF('07数值索引'!$A$5:$A$80,G8,'07数值索引'!$H$5:$H$80)+SUMIF('07数值索引'!$A$5:$A$80,H8,'07数值索引'!$H$5:$H$80)+SUMIF('07数值索引'!$A$5:$A$80,I8,'07数值索引'!$H$5:$H$80)+SUMIF('07数值索引'!$A$5:$A$80,J8,'07数值索引'!$H$5:$H$80)+SUMIF('07数值索引'!$A$5:$A$80,K8,'07数值索引'!$H$5:$H$80)+SUMIF('07数值索引'!$A$5:$A$80,L8,'07数值索引'!$H$5:$H$80)+SUMIF('07数值索引'!$A$5:$A$80,M8,'07数值索引'!$H$5:$H$80)+SUMIF('07数值索引'!$A$5:$A$80,N8,'07数值索引'!$H$5:$H$80) -> 0 | T8: =0+SUMIF('07数值索引'!$A$5:$A$80,C8,'07数值索引'!$I$5:$I$80)+SUMIF('07数值索引'!$A$5:$A$80,D8,'07数值索引'!$I$5:$I$80)+SUMIF('07数值索引'!$A$5:$A$80,E8,'07数值索引'!$I$5:$I$80)+SUMIF('07数值索引'!$A$5:$A$80,F8,'07数值索引'!$I$5:$I$80)+SUMIF('07数值索引'!$A$5:$A$80,G8,'07数值索引'!$I$5:$I$80)+SUMIF('07数值索引'!$A$5:$A$80,H8,'07数值索引'!$I$5:$I$80)+SUMIF('07数值索引'!$A$5:$A$80,I8,'07数值索引'!$I$5:$I$80)+SUMIF('07数值索引'!$A$5:$A$80,J8,'07数值索引'!$I$5:$I$80)+SUMIF('07数值索引'!$A$5:$A$80,K8,'07数值索引'!$I$5:$I$80)+SUMIF('07数值索引'!$A$5:$A$80,L8,'07数值索引'!$I$5:$I$80)+SUMIF('07数值索引'!$A$5:$A$80,M8,'07数值索引'!$I$5:$I$80)+SUMIF('07数值索引'!$A$5:$A$80,N8,'07数值索引'!$I$5:$I$80) -> 2 | U8: =0+SUMIF('07数值索引'!$A$5:$A$80,C8,'07数值索引'!$J$5:$J$80)+SUMIF('07数值索引'!$A$5:$A$80,D8,'07数值索引'!$J$5:$J$80)+SUMIF('07数值索引'!$A$5:$A$80,E8,'07数值索引'!$J$5:$J$80)+SUMIF('07数值索引'!$A$5:$A$80,F8,'07数值索引'!$J$5:$J$80)+SUMIF('07数值索引'!$A$5:$A$80,G8,'07数值索引'!$J$5:$J$80)+SUMIF('07数值索引'!$A$5:$A$80,H8,'07数值索引'!$J$5:$J$80)+SUMIF('07数值索引'!$A$5:$A$80,I8,'07数值索引'!$J$5:$J$80)+SUMIF('07数值索引'!$A$5:$A$80,J8,'07数值索引'!$J$5:$J$80)+SUMIF('07数值索引'!$A$5:$A$80,K8,'07数值索引'!$J$5:$J$80)+SUMIF('07数值索引'!$A$5:$A$80,L8,'07数值索引'!$J$5:$J$80)+SUMIF('07数值索引'!$A$5:$A$80,M8,'07数值索引'!$J$5:$J$80)+SUMIF('07数值索引'!$A$5:$A$80,N8,'07数值索引'!$J$5:$J$80) -> 1 | V8: =0+SUMIF('07数值索引'!$A$5:$A$80,C8,'07数值索引'!$K$5:$K$80)+SUMIF('07数值索引'!$A$5:$A$80,D8,'07数值索引'!$K$5:$K$80)+SUMIF('07数值索引'!$A$5:$A$80,E8,'07数值索引'!$K$5:$K$80)+SUMIF('07数值索引'!$A$5:$A$80,F8,'07数值索引'!$K$5:$K$80)+SUMIF('07数值索引'!$A$5:$A$80,G8,'07数值索引'!$K$5:$K$80)+SUMIF('07数值索引'!$A$5:$A$80,H8,'07数值索引'!$K$5:$K$80)+SUMIF('07数值索引'!$A$5:$A$80,I8,'07数值索引'!$K$5:$K$80)+SUMIF('07数值索引'!$A$5:$A$80,J8,'07数值索引'!$K$5:$K$80)+SUMIF('07数值索引'!$A$5:$A$80,K8,'07数值索引'!$K$5:$K$80)+SUMIF('07数值索引'!$A$5:$A$80,L8,'07数值索引'!$K$5:$K$80)+SUMIF('07数值索引'!$A$5:$A$80,M8,'07数值索引'!$K$5:$K$80)+SUMIF('07数值索引'!$A$5:$A$80,N8,'07数值索引'!$K$5:$K$80) -> 0 | W8: =0+SUMIF('07数值索引'!$A$5:$A$80,C8,'07数值索引'!$L$5:$L$80)+SUMIF('07数值索引'!$A$5:$A$80,D8,'07数值索引'!$L$5:$L$80)+SUMIF('07数值索引'!$A$5:$A$80,E8,'07数值索引'!$L$5:$L$80)+SUMIF('07数值索引'!$A$5:$A$80,F8,'07数值索引'!$L$5:$L$80)+SUMIF('07数值索引'!$A$5:$A$80,G8,'07数值索引'!$L$5:$L$80)+SUMIF('07数值索引'!$A$5:$A$80,H8,'07数值索引'!$L$5:$L$80)+SUMIF('07数值索引'!$A$5:$A$80,I8,'07数值索引'!$L$5:$L$80)+SUMIF('07数值索引'!$A$5:$A$80,J8,'07数值索引'!$L$5:$L$80)+SUMIF('07数值索引'!$A$5:$A$80,K8,'07数值索引'!$L$5:$L$80)+SUMIF('07数值索引'!$A$5:$A$80,L8,'07数值索引'!$L$5:$L$80)+SUMIF('07数值索引'!$A$5:$A$80,M8,'07数值索引'!$L$5:$L$80)+SUMIF('07数值索引'!$A$5:$A$80,N8,'07数值索引'!$L$5:$L$80) -> 0 | X8: =0+SUMIF('07数值索引'!$A$5:$A$80,C8,'07数值索引'!$M$5:$M$80)+SUMIF('07数值索引'!$A$5:$A$80,D8,'07数值索引'!$M$5:$M$80)+SUMIF('07数值索引'!$A$5:$A$80,E8,'07数值索引'!$M$5:$M$80)+SUMIF('07数值索引'!$A$5:$A$80,F8,'07数值索引'!$M$5:$M$80)+SUMIF('07数值索引'!$A$5:$A$80,G8,'07数值索引'!$M$5:$M$80)+SUMIF('07数值索引'!$A$5:$A$80,H8,'07数值索引'!$M$5:$M$80)+SUMIF('07数值索引'!$A$5:$A$80,I8,'07数值索引'!$M$5:$M$80)+SUMIF('07数值索引'!$A$5:$A$80,J8,'07数值索引'!$M$5:$M$80)+SUMIF('07数值索引'!$A$5:$A$80,K8,'07数值索引'!$M$5:$M$80)+SUMIF('07数值索引'!$A$5:$A$80,L8,'07数值索引'!$M$5:$M$80)+SUMIF('07数值索引'!$A$5:$A$80,M8,'07数值索引'!$M$5:$M$80)+SUMIF('07数值索引'!$A$5:$A$80,N8,'07数值索引'!$M$5:$M$80) -> 1 | Y8: =0+SUMIF('07数值索引'!$A$5:$A$80,C8,'07数值索引'!$N$5:$N$80)+SUMIF('07数值索引'!$A$5:$A$80,D8,'07数值索引'!$N$5:$N$80)+SUMIF('07数值索引'!$A$5:$A$80,E8,'07数值索引'!$N$5:$N$80)+SUMIF('07数值索引'!$A$5:$A$80,F8,'07数值索引'!$N$5:$N$80)+SUMIF('07数值索引'!$A$5:$A$80,G8,'07数值索引'!$N$5:$N$80)+SUMIF('07数值索引'!$A$5:$A$80,H8,'07数值索引'!$N$5:$N$80)+SUMIF('07数值索引'!$A$5:$A$80,I8,'07数值索引'!$N$5:$N$80)+SUMIF('07数值索引'!$A$5:$A$80,J8,'07数值索引'!$N$5:$N$80)+SUMIF('07数值索引'!$A$5:$A$80,K8,'07数值索引'!$N$5:$N$80)+SUMIF('07数值索引'!$A$5:$A$80,L8,'07数值索引'!$N$5:$N$80)+SUMIF('07数值索引'!$A$5:$A$80,M8,'07数值索引'!$N$5:$N$80)+SUMIF('07数值索引'!$A$5:$A$80,N8,'07数值索引'!$N$5:$N$80) -> 0 | Z8: =0+SUMIF('07数值索引'!$A$5:$A$80,C8,'07数值索引'!$O$5:$O$80)+SUMIF('07数值索引'!$A$5:$A$80,D8,'07数值索引'!$O$5:$O$80)+SUMIF('07数值索引'!$A$5:$A$80,E8,'07数值索引'!$O$5:$O$80)+SUMIF('07数值索引'!$A$5:$A$80,F8,'07数值索引'!$O$5:$O$80)+SUMIF('07数值索引'!$A$5:$A$80,G8,'07数值索引'!$O$5:$O$80)+SUMIF('07数值索引'!$A$5:$A$80,H8,'07数值索引'!$O$5:$O$80)+SUMIF('07数值索引'!$A$5:$A$80,I8,'07数值索引'!$O$5:$O$80)+SUMIF('07数值索引'!$A$5:$A$80,J8,'07数值索引'!$O$5:$O$80)+SUMIF('07数值索引'!$A$5:$A$80,K8,'07数值索引'!$O$5:$O$80)+SUMIF('07数值索引'!$A$5:$A$80,L8,'07数值索引'!$O$5:$O$80)+SUMIF('07数值索引'!$A$5:$A$80,M8,'07数值索引'!$O$5:$O$80)+SUMIF('07数值索引'!$A$5:$A$80,N8,'07数值索引'!$O$5:$O$80) -> 0 | AA8: =0+SUMIF('07数值索引'!$A$5:$A$80,C8,'07数值索引'!$P$5:$P$80)+SUMIF('07数值索引'!$A$5:$A$80,D8,'07数值索引'!$P$5:$P$80)+SUMIF('07数值索引'!$A$5:$A$80,E8,'07数值索引'!$P$5:$P$80)+SUMIF('07数值索引'!$A$5:$A$80,F8,'07数值索引'!$P$5:$P$80)+SUMIF('07数值索引'!$A$5:$A$80,G8,'07数值索引'!$P$5:$P$80)+SUMIF('07数值索引'!$A$5:$A$80,H8,'07数值索引'!$P$5:$P$80)+SUMIF('07数值索引'!$A$5:$A$80,I8,'07数值索引'!$P$5:$P$80)+SUMIF('07数值索引'!$A$5:$A$80,J8,'07数值索引'!$P$5:$P$80)+SUMIF('07数值索引'!$A$5:$A$80,K8,'07数值索引'!$P$5:$P$80)+SUMIF('07数值索引'!$A$5:$A$80,L8,'07数值索引'!$P$5:$P$80)+SUMIF('07数值索引'!$A$5:$A$80,M8,'07数值索引'!$P$5:$P$80)+SUMIF('07数值索引'!$A$5:$A$80,N8,'07数值索引'!$P$5:$P$80) -> 0 | AB8: =0+SUMIF('07数值索引'!$A$5:$A$80,C8,'07数值索引'!$Q$5:$Q$80)+SUMIF('07数值索引'!$A$5:$A$80,D8,'07数值索引'!$Q$5:$Q$80)+SUMIF('07数值索引'!$A$5:$A$80,E8,'07数值索引'!$Q$5:$Q$80)+SUMIF('07数值索引'!$A$5:$A$80,F8,'07数值索引'!$Q$5:$Q$80)+SUMIF('07数值索引'!$A$5:$A$80,G8,'07数值索引'!$Q$5:$Q$80)+SUMIF('07数值索引'!$A$5:$A$80,H8,'07数值索引'!$Q$5:$Q$80)+SUMIF('07数值索引'!$A$5:$A$80,I8,'07数值索引'!$Q$5:$Q$80)+SUMIF('07数值索引'!$A$5:$A$80,J8,'07数值索引'!$Q$5:$Q$80)+SUMIF('07数值索引'!$A$5:$A$80,K8,'07数值索引'!$Q$5:$Q$80)+SUMIF('07数值索引'!$A$5:$A$80,L8,'07数值索引'!$Q$5:$Q$80)+SUMIF('07数值索引'!$A$5:$A$80,M8,'07数值索引'!$Q$5:$Q$80)+SUMIF('07数值索引'!$A$5:$A$80,N8,'07数值索引'!$Q$5:$Q$80) -> 1 | AC8: =0+SUMIF('07数值索引'!$A$5:$A$80,C8,'07数值索引'!$R$5:$R$80)+SUMIF('07数值索引'!$A$5:$A$80,D8,'07数值索引'!$R$5:$R$80)+SUMIF('07数值索引'!$A$5:$A$80,E8,'07数值索引'!$R$5:$R$80)+SUMIF('07数值索引'!$A$5:$A$80,F8,'07数值索引'!$R$5:$R$80)+SUMIF('07数值索引'!$A$5:$A$80,G8,'07数值索引'!$R$5:$R$80)+SUMIF('07数值索引'!$A$5:$A$80,H8,'07数值索引'!$R$5:$R$80)+SUMIF('07数值索引'!$A$5:$A$80,I8,'07数值索引'!$R$5:$R$80)+SUMIF('07数值索引'!$A$5:$A$80,J8,'07数值索引'!$R$5:$R$80)+SUMIF('07数值索引'!$A$5:$A$80,K8,'07数值索引'!$R$5:$R$80)+SUMIF('07数值索引'!$A$5:$A$80,L8,'07数值索引'!$R$5:$R$80)+SUMIF('07数值索引'!$A$5:$A$80,M8,'07数值索引'!$R$5:$R$80)+SUMIF('07数值索引'!$A$5:$A$80,N8,'07数值索引'!$R$5:$R$80) -> 0 | AD8: =IF(AC8>0,"《无名尸体》",IF(AND(Y8>0,R8>=6),"《证人之死》",IF(AND(AA8>0,R8>=8),"《最后一次神迹》",IF(AND(AB8>0,Q8<=-3,T8>=2,U8>0,W8>0,AH8="是"),"《审判》",IF(AND(AA8>0,P8>=5,V8>0),"《第二位圣女》",IF(AND(O8>=7,S8>=1,U8=0,P8<=4,OR(Q8>=4,Z8>0)),"《继续前行》","《逃避》")))))) -> 《逃避》 | AE8: 《逃避》 | AF8: =IF(AD8=AE8,"PASS","CHECK") -> PASS | AG8: 只顾自己逃亡，但没有主动牺牲阿禾 | AH8: =IF(AND(O8<=0,T8>=2,U8=1),"是","否") -> 是 | AI8: =IF(AND(OR(C8="",COUNTIF('07数值索引'!$A$5:$A$80,C8)=1),OR(D8="",COUNTIF('07数值索引'!$A$5:$A$80,D8)=1),OR(E8="",COUNTIF('07数值索引'!$A$5:$A$80,E8)=1),OR(F8="",COUNTIF('07数值索引'!$A$5:$A$80,F8)=1),OR(G8="",COUNTIF('07数值索引'!$A$5:$A$80,G8)=1),OR(H8="",COUNTIF('07数值索引'!$A$5:$A$80,H8)=1),OR(I8="",COUNTIF('07数值索引'!$A$5:$A$80,I8)=1),OR(J8="",COUNTIF('07数值索引'!$A$5:$A$80,J8)=1),OR(K8="",COUNTIF('07数值索引'!$A$5:$A$80,K8)=1),OR(L8="",COUNTIF('07数值索引'!$A$5:$A$80,L8)=1),OR(M8="",COUNTIF('07数值索引'!$A$5:$A$80,M8)=1),OR(N8="",COUNTIF('07数值索引'!$A$5:$A$80,N8)=1)),"PASS","CHECK") -> PASS | AJ8: =IFERROR(VLOOKUP(A8,'08A前置合法性'!$X$5:$Z$20,3,FALSE),"CHECK") -> PASS | AK8: =IF(AND(AF8="PASS",AI8="PASS",AJ8="PASS"),"PASS","CHECK") -> PASS
A9: R05 | B9: 审判—弃责后空包背叛 | C9: SYS-START | D9: S01-O02 | E9: S02-O03 | F9: C-S03-S-I-P | G9: S04-A01 | H9: S04-B03 | I9: K-LDG-KEEP | J9: K-LTR-KEEP | K9: K-SLV-TAKE | L9: K-SEAL-HIDE | M9: SYS-WEI | N9: ACT-BETRAY | O9: =0+SUMIF('07数值索引'!$A$5:$A$80,C9,'07数值索引'!$D$5:$D$80)+SUMIF('07数值索引'!$A$5:$A$80,D9,'07数值索引'!$D$5:$D$80)+SUMIF('07数值索引'!$A$5:$A$80,E9,'07数值索引'!$D$5:$D$80)+SUMIF('07数值索引'!$A$5:$A$80,F9,'07数值索引'!$D$5:$D$80)+SUMIF('07数值索引'!$A$5:$A$80,G9,'07数值索引'!$D$5:$D$80)+SUMIF('07数值索引'!$A$5:$A$80,H9,'07数值索引'!$D$5:$D$80)+SUMIF('07数值索引'!$A$5:$A$80,I9,'07数值索引'!$D$5:$D$80)+SUMIF('07数值索引'!$A$5:$A$80,J9,'07数值索引'!$D$5:$D$80)+SUMIF('07数值索引'!$A$5:$A$80,K9,'07数值索引'!$D$5:$D$80)+SUMIF('07数值索引'!$A$5:$A$80,L9,'07数值索引'!$D$5:$D$80)+SUMIF('07数值索引'!$A$5:$A$80,M9,'07数值索引'!$D$5:$D$80)+SUMIF('07数值索引'!$A$5:$A$80,N9,'07数值索引'!$D$5:$D$80) -> -12 | P9: =0+SUMIF('07数值索引'!$A$5:$A$80,C9,'07数值索引'!$E$5:$E$80)+SUMIF('07数值索引'!$A$5:$A$80,D9,'07数值索引'!$E$5:$E$80)+SUMIF('07数值索引'!$A$5:$A$80,E9,'07数值索引'!$E$5:$E$80)+SUMIF('07数值索引'!$A$5:$A$80,F9,'07数值索引'!$E$5:$E$80)+SUMIF('07数值索引'!$A$5:$A$80,G9,'07数值索引'!$E$5:$E$80)+SUMIF('07数值索引'!$A$5:$A$80,H9,'07数值索引'!$E$5:$E$80)+SUMIF('07数值索引'!$A$5:$A$80,I9,'07数值索引'!$E$5:$E$80)+SUMIF('07数值索引'!$A$5:$A$80,J9,'07数值索引'!$E$5:$E$80)+SUMIF('07数值索引'!$A$5:$A$80,K9,'07数值索引'!$E$5:$E$80)+SUMIF('07数值索引'!$A$5:$A$80,L9,'07数值索引'!$E$5:$E$80)+SUMIF('07数值索引'!$A$5:$A$80,M9,'07数值索引'!$E$5:$E$80)+SUMIF('07数值索引'!$A$5:$A$80,N9,'07数值索引'!$E$5:$E$80) -> 4 | Q9: =0+SUMIF('07数值索引'!$A$5:$A$80,C9,'07数值索引'!$F$5:$F$80)+SUMIF('07数值索引'!$A$5:$A$80,D9,'07数值索引'!$F$5:$F$80)+SUMIF('07数值索引'!$A$5:$A$80,E9,'07数值索引'!$F$5:$F$80)+SUMIF('07数值索引'!$A$5:$A$80,F9,'07数值索引'!$F$5:$F$80)+SUMIF('07数值索引'!$A$5:$A$80,G9,'07数值索引'!$F$5:$F$80)+SUMIF('07数值索引'!$A$5:$A$80,H9,'07数值索引'!$F$5:$F$80)+SUMIF('07数值索引'!$A$5:$A$80,I9,'07数值索引'!$F$5:$F$80)+SUMIF('07数值索引'!$A$5:$A$80,J9,'07数值索引'!$F$5:$F$80)+SUMIF('07数值索引'!$A$5:$A$80,K9,'07数值索引'!$F$5:$F$80)+SUMIF('07数值索引'!$A$5:$A$80,L9,'07数值索引'!$F$5:$F$80)+SUMIF('07数值索引'!$A$5:$A$80,M9,'07数值索引'!$F$5:$F$80)+SUMIF('07数值索引'!$A$5:$A$80,N9,'07数值索引'!$F$5:$F$80) -> -11 | R9: =0+SUMIF('07数值索引'!$A$5:$A$80,C9,'07数值索引'!$G$5:$G$80)+SUMIF('07数值索引'!$A$5:$A$80,D9,'07数值索引'!$G$5:$G$80)+SUMIF('07数值索引'!$A$5:$A$80,E9,'07数值索引'!$G$5:$G$80)+SUMIF('07数值索引'!$A$5:$A$80,F9,'07数值索引'!$G$5:$G$80)+SUMIF('07数值索引'!$A$5:$A$80,G9,'07数值索引'!$G$5:$G$80)+SUMIF('07数值索引'!$A$5:$A$80,H9,'07数值索引'!$G$5:$G$80)+SUMIF('07数值索引'!$A$5:$A$80,I9,'07数值索引'!$G$5:$G$80)+SUMIF('07数值索引'!$A$5:$A$80,J9,'07数值索引'!$G$5:$G$80)+SUMIF('07数值索引'!$A$5:$A$80,K9,'07数值索引'!$G$5:$G$80)+SUMIF('07数值索引'!$A$5:$A$80,L9,'07数值索引'!$G$5:$G$80)+SUMIF('07数值索引'!$A$5:$A$80,M9,'07数值索引'!$G$5:$G$80)+SUMIF('07数值索引'!$A$5:$A$80,N9,'07数值索引'!$G$5:$G$80) -> 6 | S9: =0+SUMIF('07数值索引'!$A$5:$A$80,C9,'07数值索引'!$H$5:$H$80)+SUMIF('07数值索引'!$A$5:$A$80,D9,'07数值索引'!$H$5:$H$80)+SUMIF('07数值索引'!$A$5:$A$80,E9,'07数值索引'!$H$5:$H$80)+SUMIF('07数值索引'!$A$5:$A$80,F9,'07数值索引'!$H$5:$H$80)+SUMIF('07数值索引'!$A$5:$A$80,G9,'07数值索引'!$H$5:$H$80)+SUMIF('07数值索引'!$A$5:$A$80,H9,'07数值索引'!$H$5:$H$80)+SUMIF('07数值索引'!$A$5:$A$80,I9,'07数值索引'!$H$5:$H$80)+SUMIF('07数值索引'!$A$5:$A$80,J9,'07数值索引'!$H$5:$H$80)+SUMIF('07数值索引'!$A$5:$A$80,K9,'07数值索引'!$H$5:$H$80)+SUMIF('07数值索引'!$A$5:$A$80,L9,'07数值索引'!$H$5:$H$80)+SUMIF('07数值索引'!$A$5:$A$80,M9,'07数值索引'!$H$5:$H$80)+SUMIF('07数值索引'!$A$5:$A$80,N9,'07数值索引'!$H$5:$H$80) -> 0 | T9: =0+SUMIF('07数值索引'!$A$5:$A$80,C9,'07数值索引'!$I$5:$I$80)+SUMIF('07数值索引'!$A$5:$A$80,D9,'07数值索引'!$I$5:$I$80)+SUMIF('07数值索引'!$A$5:$A$80,E9,'07数值索引'!$I$5:$I$80)+SUMIF('07数值索引'!$A$5:$A$80,F9,'07数值索引'!$I$5:$I$80)+SUMIF('07数值索引'!$A$5:$A$80,G9,'07数值索引'!$I$5:$I$80)+SUMIF('07数值索引'!$A$5:$A$80,H9,'07数值索引'!$I$5:$I$80)+SUMIF('07数值索引'!$A$5:$A$80,I9,'07数值索引'!$I$5:$I$80)+SUMIF('07数值索引'!$A$5:$A$80,J9,'07数值索引'!$I$5:$I$80)+SUMIF('07数值索引'!$A$5:$A$80,K9,'07数值索引'!$I$5:$I$80)+SUMIF('07数值索引'!$A$5:$A$80,L9,'07数值索引'!$I$5:$I$80)+SUMIF('07数值索引'!$A$5:$A$80,M9,'07数值索引'!$I$5:$I$80)+SUMIF('07数值索引'!$A$5:$A$80,N9,'07数值索引'!$I$5:$I$80) -> 2 | U9: =0+SUMIF('07数值索引'!$A$5:$A$80,C9,'07数值索引'!$J$5:$J$80)+SUMIF('07数值索引'!$A$5:$A$80,D9,'07数值索引'!$J$5:$J$80)+SUMIF('07数值索引'!$A$5:$A$80,E9,'07数值索引'!$J$5:$J$80)+SUMIF('07数值索引'!$A$5:$A$80,F9,'07数值索引'!$J$5:$J$80)+SUMIF('07数值索引'!$A$5:$A$80,G9,'07数值索引'!$J$5:$J$80)+SUMIF('07数值索引'!$A$5:$A$80,H9,'07数值索引'!$J$5:$J$80)+SUMIF('07数值索引'!$A$5:$A$80,I9,'07数值索引'!$J$5:$J$80)+SUMIF('07数值索引'!$A$5:$A$80,J9,'07数值索引'!$J$5:$J$80)+SUMIF('07数值索引'!$A$5:$A$80,K9,'07数值索引'!$J$5:$J$80)+SUMIF('07数值索引'!$A$5:$A$80,L9,'07数值索引'!$J$5:$J$80)+SUMIF('07数值索引'!$A$5:$A$80,M9,'07数值索引'!$J$5:$J$80)+SUMIF('07数值索引'!$A$5:$A$80,N9,'07数值索引'!$J$5:$J$80) -> 1 | V9: =0+SUMIF('07数值索引'!$A$5:$A$80,C9,'07数值索引'!$K$5:$K$80)+SUMIF('07数值索引'!$A$5:$A$80,D9,'07数值索引'!$K$5:$K$80)+SUMIF('07数值索引'!$A$5:$A$80,E9,'07数值索引'!$K$5:$K$80)+SUMIF('07数值索引'!$A$5:$A$80,F9,'07数值索引'!$K$5:$K$80)+SUMIF('07数值索引'!$A$5:$A$80,G9,'07数值索引'!$K$5:$K$80)+SUMIF('07数值索引'!$A$5:$A$80,H9,'07数值索引'!$K$5:$K$80)+SUMIF('07数值索引'!$A$5:$A$80,I9,'07数值索引'!$K$5:$K$80)+SUMIF('07数值索引'!$A$5:$A$80,J9,'07数值索引'!$K$5:$K$80)+SUMIF('07数值索引'!$A$5:$A$80,K9,'07数值索引'!$K$5:$K$80)+SUMIF('07数值索引'!$A$5:$A$80,L9,'07数值索引'!$K$5:$K$80)+SUMIF('07数值索引'!$A$5:$A$80,M9,'07数值索引'!$K$5:$K$80)+SUMIF('07数值索引'!$A$5:$A$80,N9,'07数值索引'!$K$5:$K$80) -> 0 | W9: =0+SUMIF('07数值索引'!$A$5:$A$80,C9,'07数值索引'!$L$5:$L$80)+SUMIF('07数值索引'!$A$5:$A$80,D9,'07数值索引'!$L$5:$L$80)+SUMIF('07数值索引'!$A$5:$A$80,E9,'07数值索引'!$L$5:$L$80)+SUMIF('07数值索引'!$A$5:$A$80,F9,'07数值索引'!$L$5:$L$80)+SUMIF('07数值索引'!$A$5:$A$80,G9,'07数值索引'!$L$5:$L$80)+SUMIF('07数值索引'!$A$5:$A$80,H9,'07数值索引'!$L$5:$L$80)+SUMIF('07数值索引'!$A$5:$A$80,I9,'07数值索引'!$L$5:$L$80)+SUMIF('07数值索引'!$A$5:$A$80,J9,'07数值索引'!$L$5:$L$80)+SUMIF('07数值索引'!$A$5:$A$80,K9,'07数值索引'!$L$5:$L$80)+SUMIF('07数值索引'!$A$5:$A$80,L9,'07数值索引'!$L$5:$L$80)+SUMIF('07数值索引'!$A$5:$A$80,M9,'07数值索引'!$L$5:$L$80)+SUMIF('07数值索引'!$A$5:$A$80,N9,'07数值索引'!$L$5:$L$80) -> 1 | X9: =0+SUMIF('07数值索引'!$A$5:$A$80,C9,'07数值索引'!$M$5:$M$80)+SUMIF('07数值索引'!$A$5:$A$80,D9,'07数值索引'!$M$5:$M$80)+SUMIF('07数值索引'!$A$5:$A$80,E9,'07数值索引'!$M$5:$M$80)+SUMIF('07数值索引'!$A$5:$A$80,F9,'07数值索引'!$M$5:$M$80)+SUMIF('07数值索引'!$A$5:$A$80,G9,'07数值索引'!$M$5:$M$80)+SUMIF('07数值索引'!$A$5:$A$80,H9,'07数值索引'!$M$5:$M$80)+SUMIF('07数值索引'!$A$5:$A$80,I9,'07数值索引'!$M$5:$M$80)+SUMIF('07数值索引'!$A$5:$A$80,J9,'07数值索引'!$M$5:$M$80)+SUMIF('07数值索引'!$A$5:$A$80,K9,'07数值索引'!$M$5:$M$80)+SUMIF('07数值索引'!$A$5:$A$80,L9,'07数值索引'!$M$5:$M$80)+SUMIF('07数值索引'!$A$5:$A$80,M9,'07数值索引'!$M$5:$M$80)+SUMIF('07数值索引'!$A$5:$A$80,N9,'07数值索引'!$M$5:$M$80) -> 1 | Y9: =0+SUMIF('07数值索引'!$A$5:$A$80,C9,'07数值索引'!$N$5:$N$80)+SUMIF('07数值索引'!$A$5:$A$80,D9,'07数值索引'!$N$5:$N$80)+SUMIF('07数值索引'!$A$5:$A$80,E9,'07数值索引'!$N$5:$N$80)+SUMIF('07数值索引'!$A$5:$A$80,F9,'07数值索引'!$N$5:$N$80)+SUMIF('07数值索引'!$A$5:$A$80,G9,'07数值索引'!$N$5:$N$80)+SUMIF('07数值索引'!$A$5:$A$80,H9,'07数值索引'!$N$5:$N$80)+SUMIF('07数值索引'!$A$5:$A$80,I9,'07数值索引'!$N$5:$N$80)+SUMIF('07数值索引'!$A$5:$A$80,J9,'07数值索引'!$N$5:$N$80)+SUMIF('07数值索引'!$A$5:$A$80,K9,'07数值索引'!$N$5:$N$80)+SUMIF('07数值索引'!$A$5:$A$80,L9,'07数值索引'!$N$5:$N$80)+SUMIF('07数值索引'!$A$5:$A$80,M9,'07数值索引'!$N$5:$N$80)+SUMIF('07数值索引'!$A$5:$A$80,N9,'07数值索引'!$N$5:$N$80) -> 0 | Z9: =0+SUMIF('07数值索引'!$A$5:$A$80,C9,'07数值索引'!$O$5:$O$80)+SUMIF('07数值索引'!$A$5:$A$80,D9,'07数值索引'!$O$5:$O$80)+SUMIF('07数值索引'!$A$5:$A$80,E9,'07数值索引'!$O$5:$O$80)+SUMIF('07数值索引'!$A$5:$A$80,F9,'07数值索引'!$O$5:$O$80)+SUMIF('07数值索引'!$A$5:$A$80,G9,'07数值索引'!$O$5:$O$80)+SUMIF('07数值索引'!$A$5:$A$80,H9,'07数值索引'!$O$5:$O$80)+SUMIF('07数值索引'!$A$5:$A$80,I9,'07数值索引'!$O$5:$O$80)+SUMIF('07数值索引'!$A$5:$A$80,J9,'07数值索引'!$O$5:$O$80)+SUMIF('07数值索引'!$A$5:$A$80,K9,'07数值索引'!$O$5:$O$80)+SUMIF('07数值索引'!$A$5:$A$80,L9,'07数值索引'!$O$5:$O$80)+SUMIF('07数值索引'!$A$5:$A$80,M9,'07数值索引'!$O$5:$O$80)+SUMIF('07数值索引'!$A$5:$A$80,N9,'07数值索引'!$O$5:$O$80) -> 0 | AA9: =0+SUMIF('07数值索引'!$A$5:$A$80,C9,'07数值索引'!$P$5:$P$80)+SUMIF('07数值索引'!$A$5:$A$80,D9,'07数值索引'!$P$5:$P$80)+SUMIF('07数值索引'!$A$5:$A$80,E9,'07数值索引'!$P$5:$P$80)+SUMIF('07数值索引'!$A$5:$A$80,F9,'07数值索引'!$P$5:$P$80)+SUMIF('07数值索引'!$A$5:$A$80,G9,'07数值索引'!$P$5:$P$80)+SUMIF('07数值索引'!$A$5:$A$80,H9,'07数值索引'!$P$5:$P$80)+SUMIF('07数值索引'!$A$5:$A$80,I9,'07数值索引'!$P$5:$P$80)+SUMIF('07数值索引'!$A$5:$A$80,J9,'07数值索引'!$P$5:$P$80)+SUMIF('07数值索引'!$A$5:$A$80,K9,'07数值索引'!$P$5:$P$80)+SUMIF('07数值索引'!$A$5:$A$80,L9,'07数值索引'!$P$5:$P$80)+SUMIF('07数值索引'!$A$5:$A$80,M9,'07数值索引'!$P$5:$P$80)+SUMIF('07数值索引'!$A$5:$A$80,N9,'07数值索引'!$P$5:$P$80) -> 0 | AB9: =0+SUMIF('07数值索引'!$A$5:$A$80,C9,'07数值索引'!$Q$5:$Q$80)+SUMIF('07数值索引'!$A$5:$A$80,D9,'07数值索引'!$Q$5:$Q$80)+SUMIF('07数值索引'!$A$5:$A$80,E9,'07数值索引'!$Q$5:$Q$80)+SUMIF('07数值索引'!$A$5:$A$80,F9,'07数值索引'!$Q$5:$Q$80)+SUMIF('07数值索引'!$A$5:$A$80,G9,'07数值索引'!$Q$5:$Q$80)+SUMIF('07数值索引'!$A$5:$A$80,H9,'07数值索引'!$Q$5:$Q$80)+SUMIF('07数值索引'!$A$5:$A$80,I9,'07数值索引'!$Q$5:$Q$80)+SUMIF('07数值索引'!$A$5:$A$80,J9,'07数值索引'!$Q$5:$Q$80)+SUMIF('07数值索引'!$A$5:$A$80,K9,'07数值索引'!$Q$5:$Q$80)+SUMIF('07数值索引'!$A$5:$A$80,L9,'07数值索引'!$Q$5:$Q$80)+SUMIF('07数值索引'!$A$5:$A$80,M9,'07数值索引'!$Q$5:$Q$80)+SUMIF('07数值索引'!$A$5:$A$80,N9,'07数值索引'!$Q$5:$Q$80) -> 1 | AC9: =0+SUMIF('07数值索引'!$A$5:$A$80,C9,'07数值索引'!$R$5:$R$80)+SUMIF('07数值索引'!$A$5:$A$80,D9,'07数值索引'!$R$5:$R$80)+SUMIF('07数值索引'!$A$5:$A$80,E9,'07数值索引'!$R$5:$R$80)+SUMIF('07数值索引'!$A$5:$A$80,F9,'07数值索引'!$R$5:$R$80)+SUMIF('07数值索引'!$A$5:$A$80,G9,'07数值索引'!$R$5:$R$80)+SUMIF('07数值索引'!$A$5:$A$80,H9,'07数值索引'!$R$5:$R$80)+SUMIF('07数值索引'!$A$5:$A$80,I9,'07数值索引'!$R$5:$R$80)+SUMIF('07数值索引'!$A$5:$A$80,J9,'07数值索引'!$R$5:$R$80)+SUMIF('07数值索引'!$A$5:$A$80,K9,'07数值索引'!$R$5:$R$80)+SUMIF('07数值索引'!$A$5:$A$80,L9,'07数值索引'!$R$5:$R$80)+SUMIF('07数值索引'!$A$5:$A$80,M9,'07数值索引'!$R$5:$R$80)+SUMIF('07数值索引'!$A$5:$A$80,N9,'07数值索引'!$R$5:$R$80) -> 0 | AD9: =IF(AC9>0,"《无名尸体》",IF(AND(Y9>0,R9>=6),"《证人之死》",IF(AND(AA9>0,R9>=8),"《最后一次神迹》",IF(AND(AB9>0,Q9<=-3,T9>=2,U9>0,W9>0,AH9="是"),"《审判》",IF(AND(AA9>0,P9>=5,V9>0),"《第二位圣女》",IF(AND(O9>=7,S9>=1,U9=0,P9<=4,OR(Q9>=4,Z9>0)),"《继续前行》","《逃避》")))))) -> 《审判》 | AE9: 《审判》 | AF9: =IF(AD9=AE9,"PASS","CHECK") -> PASS | AG9: 弃责状态成立后才显示再次利用阿禾 | AH9: =IF(AND(O9<=0,T9>=2,U9=1),"是","否") -> 是 | AI9: =IF(AND(OR(C9="",COUNTIF('07数值索引'!$A$5:$A$80,C9)=1),OR(D9="",COUNTIF('07数值索引'!$A$5:$A$80,D9)=1),OR(E9="",COUNTIF('07数值索引'!$A$5:$A$80,E9)=1),OR(F9="",COUNTIF('07数值索引'!$A$5:$A$80,F9)=1),OR(G9="",COUNTIF('07数值索引'!$A$5:$A$80,G9)=1),OR(H9="",COUNTIF('07数值索引'!$A$5:$A$80,H9)=1),OR(I9="",COUNTIF('07数值索引'!$A$5:$A$80,I9)=1),OR(J9="",COUNTIF('07数值索引'!$A$5:$A$80,J9)=1),OR(K9="",COUNTIF('07数值索引'!$A$5:$A$80,K9)=1),OR(L9="",COUNTIF('07数值索引'!$A$5:$A$80,L9)=1),OR(M9="",COUNTIF('07数值索引'!$A$5:$A$80,M9)=1),OR(N9="",COUNTIF('07数值索引'!$A$5:$A$80,N9)=1)),"PASS","CHECK") -> PASS | AJ9: =IFERROR(VLOOKUP(A9,'08A前置合法性'!$X$5:$Z$20,3,FALSE),"CHECK") -> PASS | AK9: =IF(AND(AF9="PASS",AI9="PASS",AJ9="PASS"),"PASS","CHECK") -> PASS
A10: R06 | B10: 证人之死—阿禾中信任 | C10: SYS-START | D10: S01-O01 | E10: S02-O02 | F10: C-S03-A-I-R | G10: S04-A04 | H10: S04-B02 | I10: K-LDG-AHE | J10: K-LTR-KEEP | K10: K-SLV-VIC | L10: K-SEAL-DEST | M10: SYS-WEI-MID | N10: ACT-PROTECT | O10: =0+SUMIF('07数值索引'!$A$5:$A$80,C10,'07数值索引'!$D$5:$D$80)+SUMIF('07数值索引'!$A$5:$A$80,D10,'07数值索引'!$D$5:$D$80)+SUMIF('07数值索引'!$A$5:$A$80,E10,'07数值索引'!$D$5:$D$80)+SUMIF('07数值索引'!$A$5:$A$80,F10,'07数值索引'!$D$5:$D$80)+SUMIF('07数值索引'!$A$5:$A$80,G10,'07数值索引'!$D$5:$D$80)+SUMIF('07数值索引'!$A$5:$A$80,H10,'07数值索引'!$D$5:$D$80)+SUMIF('07数值索引'!$A$5:$A$80,I10,'07数值索引'!$D$5:$D$80)+SUMIF('07数值索引'!$A$5:$A$80,J10,'07数值索引'!$D$5:$D$80)+SUMIF('07数值索引'!$A$5:$A$80,K10,'07数值索引'!$D$5:$D$80)+SUMIF('07数值索引'!$A$5:$A$80,L10,'07数值索引'!$D$5:$D$80)+SUMIF('07数值索引'!$A$5:$A$80,M10,'07数值索引'!$D$5:$D$80)+SUMIF('07数值索引'!$A$5:$A$80,N10,'07数值索引'!$D$5:$D$80) -> 10 | P10: =0+SUMIF('07数值索引'!$A$5:$A$80,C10,'07数值索引'!$E$5:$E$80)+SUMIF('07数值索引'!$A$5:$A$80,D10,'07数值索引'!$E$5:$E$80)+SUMIF('07数值索引'!$A$5:$A$80,E10,'07数值索引'!$E$5:$E$80)+SUMIF('07数值索引'!$A$5:$A$80,F10,'07数值索引'!$E$5:$E$80)+SUMIF('07数值索引'!$A$5:$A$80,G10,'07数值索引'!$E$5:$E$80)+SUMIF('07数值索引'!$A$5:$A$80,H10,'07数值索引'!$E$5:$E$80)+SUMIF('07数值索引'!$A$5:$A$80,I10,'07数值索引'!$E$5:$E$80)+SUMIF('07数值索引'!$A$5:$A$80,J10,'07数值索引'!$E$5:$E$80)+SUMIF('07数值索引'!$A$5:$A$80,K10,'07数值索引'!$E$5:$E$80)+SUMIF('07数值索引'!$A$5:$A$80,L10,'07数值索引'!$E$5:$E$80)+SUMIF('07数值索引'!$A$5:$A$80,M10,'07数值索引'!$E$5:$E$80)+SUMIF('07数值索引'!$A$5:$A$80,N10,'07数值索引'!$E$5:$E$80) -> -1 | Q10: =0+SUMIF('07数值索引'!$A$5:$A$80,C10,'07数值索引'!$F$5:$F$80)+SUMIF('07数值索引'!$A$5:$A$80,D10,'07数值索引'!$F$5:$F$80)+SUMIF('07数值索引'!$A$5:$A$80,E10,'07数值索引'!$F$5:$F$80)+SUMIF('07数值索引'!$A$5:$A$80,F10,'07数值索引'!$F$5:$F$80)+SUMIF('07数值索引'!$A$5:$A$80,G10,'07数值索引'!$F$5:$F$80)+SUMIF('07数值索引'!$A$5:$A$80,H10,'07数值索引'!$F$5:$F$80)+SUMIF('07数值索引'!$A$5:$A$80,I10,'07数值索引'!$F$5:$F$80)+SUMIF('07数值索引'!$A$5:$A$80,J10,'07数值索引'!$F$5:$F$80)+SUMIF('07数值索引'!$A$5:$A$80,K10,'07数值索引'!$F$5:$F$80)+SUMIF('07数值索引'!$A$5:$A$80,L10,'07数值索引'!$F$5:$F$80)+SUMIF('07数值索引'!$A$5:$A$80,M10,'07数值索引'!$F$5:$F$80)+SUMIF('07数值索引'!$A$5:$A$80,N10,'07数值索引'!$F$5:$F$80) -> 8 | R10: =0+SUMIF('07数值索引'!$A$5:$A$80,C10,'07数值索引'!$G$5:$G$80)+SUMIF('07数值索引'!$A$5:$A$80,D10,'07数值索引'!$G$5:$G$80)+SUMIF('07数值索引'!$A$5:$A$80,E10,'07数值索引'!$G$5:$G$80)+SUMIF('07数值索引'!$A$5:$A$80,F10,'07数值索引'!$G$5:$G$80)+SUMIF('07数值索引'!$A$5:$A$80,G10,'07数值索引'!$G$5:$G$80)+SUMIF('07数值索引'!$A$5:$A$80,H10,'07数值索引'!$G$5:$G$80)+SUMIF('07数值索引'!$A$5:$A$80,I10,'07数值索引'!$G$5:$G$80)+SUMIF('07数值索引'!$A$5:$A$80,J10,'07数值索引'!$G$5:$G$80)+SUMIF('07数值索引'!$A$5:$A$80,K10,'07数值索引'!$G$5:$G$80)+SUMIF('07数值索引'!$A$5:$A$80,L10,'07数值索引'!$G$5:$G$80)+SUMIF('07数值索引'!$A$5:$A$80,M10,'07数值索引'!$G$5:$G$80)+SUMIF('07数值索引'!$A$5:$A$80,N10,'07数值索引'!$G$5:$G$80) -> 7 | S10: =0+SUMIF('07数值索引'!$A$5:$A$80,C10,'07数值索引'!$H$5:$H$80)+SUMIF('07数值索引'!$A$5:$A$80,D10,'07数值索引'!$H$5:$H$80)+SUMIF('07数值索引'!$A$5:$A$80,E10,'07数值索引'!$H$5:$H$80)+SUMIF('07数值索引'!$A$5:$A$80,F10,'07数值索引'!$H$5:$H$80)+SUMIF('07数值索引'!$A$5:$A$80,G10,'07数值索引'!$H$5:$H$80)+SUMIF('07数值索引'!$A$5:$A$80,H10,'07数值索引'!$H$5:$H$80)+SUMIF('07数值索引'!$A$5:$A$80,I10,'07数值索引'!$H$5:$H$80)+SUMIF('07数值索引'!$A$5:$A$80,J10,'07数值索引'!$H$5:$H$80)+SUMIF('07数值索引'!$A$5:$A$80,K10,'07数值索引'!$H$5:$H$80)+SUMIF('07数值索引'!$A$5:$A$80,L10,'07数值索引'!$H$5:$H$80)+SUMIF('07数值索引'!$A$5:$A$80,M10,'07数值索引'!$H$5:$H$80)+SUMIF('07数值索引'!$A$5:$A$80,N10,'07数值索引'!$H$5:$H$80) -> 1 | T10: =0+SUMIF('07数值索引'!$A$5:$A$80,C10,'07数值索引'!$I$5:$I$80)+SUMIF('07数值索引'!$A$5:$A$80,D10,'07数值索引'!$I$5:$I$80)+SUMIF('07数值索引'!$A$5:$A$80,E10,'07数值索引'!$I$5:$I$80)+SUMIF('07数值索引'!$A$5:$A$80,F10,'07数值索引'!$I$5:$I$80)+SUMIF('07数值索引'!$A$5:$A$80,G10,'07数值索引'!$I$5:$I$80)+SUMIF('07数值索引'!$A$5:$A$80,H10,'07数值索引'!$I$5:$I$80)+SUMIF('07数值索引'!$A$5:$A$80,I10,'07数值索引'!$I$5:$I$80)+SUMIF('07数值索引'!$A$5:$A$80,J10,'07数值索引'!$I$5:$I$80)+SUMIF('07数值索引'!$A$5:$A$80,K10,'07数值索引'!$I$5:$I$80)+SUMIF('07数值索引'!$A$5:$A$80,L10,'07数值索引'!$I$5:$I$80)+SUMIF('07数值索引'!$A$5:$A$80,M10,'07数值索引'!$I$5:$I$80)+SUMIF('07数值索引'!$A$5:$A$80,N10,'07数值索引'!$I$5:$I$80) -> 1 | U10: =0+SUMIF('07数值索引'!$A$5:$A$80,C10,'07数值索引'!$J$5:$J$80)+SUMIF('07数值索引'!$A$5:$A$80,D10,'07数值索引'!$J$5:$J$80)+SUMIF('07数值索引'!$A$5:$A$80,E10,'07数值索引'!$J$5:$J$80)+SUMIF('07数值索引'!$A$5:$A$80,F10,'07数值索引'!$J$5:$J$80)+SUMIF('07数值索引'!$A$5:$A$80,G10,'07数值索引'!$J$5:$J$80)+SUMIF('07数值索引'!$A$5:$A$80,H10,'07数值索引'!$J$5:$J$80)+SUMIF('07数值索引'!$A$5:$A$80,I10,'07数值索引'!$J$5:$J$80)+SUMIF('07数值索引'!$A$5:$A$80,J10,'07数值索引'!$J$5:$J$80)+SUMIF('07数值索引'!$A$5:$A$80,K10,'07数值索引'!$J$5:$J$80)+SUMIF('07数值索引'!$A$5:$A$80,L10,'07数值索引'!$J$5:$J$80)+SUMIF('07数值索引'!$A$5:$A$80,M10,'07数值索引'!$J$5:$J$80)+SUMIF('07数值索引'!$A$5:$A$80,N10,'07数值索引'!$J$5:$J$80) -> 0 | V10: =0+SUMIF('07数值索引'!$A$5:$A$80,C10,'07数值索引'!$K$5:$K$80)+SUMIF('07数值索引'!$A$5:$A$80,D10,'07数值索引'!$K$5:$K$80)+SUMIF('07数值索引'!$A$5:$A$80,E10,'07数值索引'!$K$5:$K$80)+SUMIF('07数值索引'!$A$5:$A$80,F10,'07数值索引'!$K$5:$K$80)+SUMIF('07数值索引'!$A$5:$A$80,G10,'07数值索引'!$K$5:$K$80)+SUMIF('07数值索引'!$A$5:$A$80,H10,'07数值索引'!$K$5:$K$80)+SUMIF('07数值索引'!$A$5:$A$80,I10,'07数值索引'!$K$5:$K$80)+SUMIF('07数值索引'!$A$5:$A$80,J10,'07数值索引'!$K$5:$K$80)+SUMIF('07数值索引'!$A$5:$A$80,K10,'07数值索引'!$K$5:$K$80)+SUMIF('07数值索引'!$A$5:$A$80,L10,'07数值索引'!$K$5:$K$80)+SUMIF('07数值索引'!$A$5:$A$80,M10,'07数值索引'!$K$5:$K$80)+SUMIF('07数值索引'!$A$5:$A$80,N10,'07数值索引'!$K$5:$K$80) -> 0 | W10: =0+SUMIF('07数值索引'!$A$5:$A$80,C10,'07数值索引'!$L$5:$L$80)+SUMIF('07数值索引'!$A$5:$A$80,D10,'07数值索引'!$L$5:$L$80)+SUMIF('07数值索引'!$A$5:$A$80,E10,'07数值索引'!$L$5:$L$80)+SUMIF('07数值索引'!$A$5:$A$80,F10,'07数值索引'!$L$5:$L$80)+SUMIF('07数值索引'!$A$5:$A$80,G10,'07数值索引'!$L$5:$L$80)+SUMIF('07数值索引'!$A$5:$A$80,H10,'07数值索引'!$L$5:$L$80)+SUMIF('07数值索引'!$A$5:$A$80,I10,'07数值索引'!$L$5:$L$80)+SUMIF('07数值索引'!$A$5:$A$80,J10,'07数值索引'!$L$5:$L$80)+SUMIF('07数值索引'!$A$5:$A$80,K10,'07数值索引'!$L$5:$L$80)+SUMIF('07数值索引'!$A$5:$A$80,L10,'07数值索引'!$L$5:$L$80)+SUMIF('07数值索引'!$A$5:$A$80,M10,'07数值索引'!$L$5:$L$80)+SUMIF('07数值索引'!$A$5:$A$80,N10,'07数值索引'!$L$5:$L$80) -> 0 | X10: =0+SUMIF('07数值索引'!$A$5:$A$80,C10,'07数值索引'!$M$5:$M$80)+SUMIF('07数值索引'!$A$5:$A$80,D10,'07数值索引'!$M$5:$M$80)+SUMIF('07数值索引'!$A$5:$A$80,E10,'07数值索引'!$M$5:$M$80)+SUMIF('07数值索引'!$A$5:$A$80,F10,'07数值索引'!$M$5:$M$80)+SUMIF('07数值索引'!$A$5:$A$80,G10,'07数值索引'!$M$5:$M$80)+SUMIF('07数值索引'!$A$5:$A$80,H10,'07数值索引'!$M$5:$M$80)+SUMIF('07数值索引'!$A$5:$A$80,I10,'07数值索引'!$M$5:$M$80)+SUMIF('07数值索引'!$A$5:$A$80,J10,'07数值索引'!$M$5:$M$80)+SUMIF('07数值索引'!$A$5:$A$80,K10,'07数值索引'!$M$5:$M$80)+SUMIF('07数值索引'!$A$5:$A$80,L10,'07数值索引'!$M$5:$M$80)+SUMIF('07数值索引'!$A$5:$A$80,M10,'07数值索引'!$M$5:$M$80)+SUMIF('07数值索引'!$A$5:$A$80,N10,'07数值索引'!$M$5:$M$80) -> 1 | Y10: =0+SUMIF('07数值索引'!$A$5:$A$80,C10,'07数值索引'!$N$5:$N$80)+SUMIF('07数值索引'!$A$5:$A$80,D10,'07数值索引'!$N$5:$N$80)+SUMIF('07数值索引'!$A$5:$A$80,E10,'07数值索引'!$N$5:$N$80)+SUMIF('07数值索引'!$A$5:$A$80,F10,'07数值索引'!$N$5:$N$80)+SUMIF('07数值索引'!$A$5:$A$80,G10,'07数值索引'!$N$5:$N$80)+SUMIF('07数值索引'!$A$5:$A$80,H10,'07数值索引'!$N$5:$N$80)+SUMIF('07数值索引'!$A$5:$A$80,I10,'07数值索引'!$N$5:$N$80)+SUMIF('07数值索引'!$A$5:$A$80,J10,'07数值索引'!$N$5:$N$80)+SUMIF('07数值索引'!$A$5:$A$80,K10,'07数值索引'!$N$5:$N$80)+SUMIF('07数值索引'!$A$5:$A$80,L10,'07数值索引'!$N$5:$N$80)+SUMIF('07数值索引'!$A$5:$A$80,M10,'07数值索引'!$N$5:$N$80)+SUMIF('07数值索引'!$A$5:$A$80,N10,'07数值索引'!$N$5:$N$80) -> 1 | Z10: =0+SUMIF('07数值索引'!$A$5:$A$80,C10,'07数值索引'!$O$5:$O$80)+SUMIF('07数值索引'!$A$5:$A$80,D10,'07数值索引'!$O$5:$O$80)+SUMIF('07数值索引'!$A$5:$A$80,E10,'07数值索引'!$O$5:$O$80)+SUMIF('07数值索引'!$A$5:$A$80,F10,'07数值索引'!$O$5:$O$80)+SUMIF('07数值索引'!$A$5:$A$80,G10,'07数值索引'!$O$5:$O$80)+SUMIF('07数值索引'!$A$5:$A$80,H10,'07数值索引'!$O$5:$O$80)+SUMIF('07数值索引'!$A$5:$A$80,I10,'07数值索引'!$O$5:$O$80)+SUMIF('07数值索引'!$A$5:$A$80,J10,'07数值索引'!$O$5:$O$80)+SUMIF('07数值索引'!$A$5:$A$80,K10,'07数值索引'!$O$5:$O$80)+SUMIF('07数值索引'!$A$5:$A$80,L10,'07数值索引'!$O$5:$O$80)+SUMIF('07数值索引'!$A$5:$A$80,M10,'07数值索引'!$O$5:$O$80)+SUMIF('07数值索引'!$A$5:$A$80,N10,'07数值索引'!$O$5:$O$80) -> 0 | AA10: =0+SUMIF('07数值索引'!$A$5:$A$80,C10,'07数值索引'!$P$5:$P$80)+SUMIF('07数值索引'!$A$5:$A$80,D10,'07数值索引'!$P$5:$P$80)+SUMIF('07数值索引'!$A$5:$A$80,E10,'07数值索引'!$P$5:$P$80)+SUMIF('07数值索引'!$A$5:$A$80,F10,'07数值索引'!$P$5:$P$80)+SUMIF('07数值索引'!$A$5:$A$80,G10,'07数值索引'!$P$5:$P$80)+SUMIF('07数值索引'!$A$5:$A$80,H10,'07数值索引'!$P$5:$P$80)+SUMIF('07数值索引'!$A$5:$A$80,I10,'07数值索引'!$P$5:$P$80)+SUMIF('07数值索引'!$A$5:$A$80,J10,'07数值索引'!$P$5:$P$80)+SUMIF('07数值索引'!$A$5:$A$80,K10,'07数值索引'!$P$5:$P$80)+SUMIF('07数值索引'!$A$5:$A$80,L10,'07数值索引'!$P$5:$P$80)+SUMIF('07数值索引'!$A$5:$A$80,M10,'07数值索引'!$P$5:$P$80)+SUMIF('07数值索引'!$A$5:$A$80,N10,'07数值索引'!$P$5:$P$80) -> 0 | AB10: =0+SUMIF('07数值索引'!$A$5:$A$80,C10,'07数值索引'!$Q$5:$Q$80)+SUMIF('07数值索引'!$A$5:$A$80,D10,'07数值索引'!$Q$5:$Q$80)+SUMIF('07数值索引'!$A$5:$A$80,E10,'07数值索引'!$Q$5:$Q$80)+SUMIF('07数值索引'!$A$5:$A$80,F10,'07数值索引'!$Q$5:$Q$80)+SUMIF('07数值索引'!$A$5:$A$80,G10,'07数值索引'!$Q$5:$Q$80)+SUMIF('07数值索引'!$A$5:$A$80,H10,'07数值索引'!$Q$5:$Q$80)+SUMIF('07数值索引'!$A$5:$A$80,I10,'07数值索引'!$Q$5:$Q$80)+SUMIF('07数值索引'!$A$5:$A$80,J10,'07数值索引'!$Q$5:$Q$80)+SUMIF('07数值索引'!$A$5:$A$80,K10,'07数值索引'!$Q$5:$Q$80)+SUMIF('07数值索引'!$A$5:$A$80,L10,'07数值索引'!$Q$5:$Q$80)+SUMIF('07数值索引'!$A$5:$A$80,M10,'07数值索引'!$Q$5:$Q$80)+SUMIF('07数值索引'!$A$5:$A$80,N10,'07数值索引'!$Q$5:$Q$80) -> 0 | AC10: =0+SUMIF('07数值索引'!$A$5:$A$80,C10,'07数值索引'!$R$5:$R$80)+SUMIF('07数值索引'!$A$5:$A$80,D10,'07数值索引'!$R$5:$R$80)+SUMIF('07数值索引'!$A$5:$A$80,E10,'07数值索引'!$R$5:$R$80)+SUMIF('07数值索引'!$A$5:$A$80,F10,'07数值索引'!$R$5:$R$80)+SUMIF('07数值索引'!$A$5:$A$80,G10,'07数值索引'!$R$5:$R$80)+SUMIF('07数值索引'!$A$5:$A$80,H10,'07数值索引'!$R$5:$R$80)+SUMIF('07数值索引'!$A$5:$A$80,I10,'07数值索引'!$R$5:$R$80)+SUMIF('07数值索引'!$A$5:$A$80,J10,'07数值索引'!$R$5:$R$80)+SUMIF('07数值索引'!$A$5:$A$80,K10,'07数值索引'!$R$5:$R$80)+SUMIF('07数值索引'!$A$5:$A$80,L10,'07数值索引'!$R$5:$R$80)+SUMIF('07数值索引'!$A$5:$A$80,M10,'07数值索引'!$R$5:$R$80)+SUMIF('07数值索引'!$A$5:$A$80,N10,'07数值索引'!$R$5:$R$80) -> 0 | AD10: =IF(AC10>0,"《无名尸体》",IF(AND(Y10>0,R10>=6),"《证人之死》",IF(AND(AA10>0,R10>=8),"《最后一次神迹》",IF(AND(AB10>0,Q10<=-3,T10>=2,U10>0,W10>0,AH10="是"),"《审判》",IF(AND(AA10>0,P10>=5,V10>0),"《第二位圣女》",IF(AND(O10>=7,S10>=1,U10=0,P10<=4,OR(Q10>=4,Z10>0)),"《继续前行》","《逃避》")))))) -> 《证人之死》 | AE10: 《证人之死》 | AF10: =IF(AD10=AE10,"PASS","CHECK") -> PASS | AG10: 阿禾只带证据撤离；阿芸被截住后留下拖延 | AH10: =IF(AND(O10<=0,T10>=2,U10=1),"是","否") -> 否 | AI10: =IF(AND(OR(C10="",COUNTIF('07数值索引'!$A$5:$A$80,C10)=1),OR(D10="",COUNTIF('07数值索引'!$A$5:$A$80,D10)=1),OR(E10="",COUNTIF('07数值索引'!$A$5:$A$80,E10)=1),OR(F10="",COUNTIF('07数值索引'!$A$5:$A$80,F10)=1),OR(G10="",COUNTIF('07数值索引'!$A$5:$A$80,G10)=1),OR(H10="",COUNTIF('07数值索引'!$A$5:$A$80,H10)=1),OR(I10="",COUNTIF('07数值索引'!$A$5:$A$80,I10)=1),OR(J10="",COUNTIF('07数值索引'!$A$5:$A$80,J10)=1),OR(K10="",COUNTIF('07数值索引'!$A$5:$A$80,K10)=1),OR(L10="",COUNTIF('07数值索引'!$A$5:$A$80,L10)=1),OR(M10="",COUNTIF('07数值索引'!$A$5:$A$80,M10)=1),OR(N10="",COUNTIF('07数值索引'!$A$5:$A$80,N10)=1)),"PASS","CHECK") -> PASS | AJ10: =IFERROR(VLOOKUP(A10,'08A前置合法性'!$X$5:$Z$20,3,FALSE),"CHECK") -> PASS | AK10: =IF(AND(AF10="PASS",AI10="PASS",AJ10="PASS"),"PASS","CHECK") -> PASS
A11: R07 | B11: 最后一次神迹—亲自公开 | C11: SYS-START | D11: S01-O03 | E11: S02-O03 | F11: C-S03-S-I-P | G11: S04-A02 | H11: S04-B02 | I11: K-LDG-PUB | J11: K-LTR-PUB | K11: K-SLV-REL | L11: K-SEAL-WEAR | M11: SYS-WEI-MID | N11: ACT-SAINT | O11: =0+SUMIF('07数值索引'!$A$5:$A$80,C11,'07数值索引'!$D$5:$D$80)+SUMIF('07数值索引'!$A$5:$A$80,D11,'07数值索引'!$D$5:$D$80)+SUMIF('07数值索引'!$A$5:$A$80,E11,'07数值索引'!$D$5:$D$80)+SUMIF('07数值索引'!$A$5:$A$80,F11,'07数值索引'!$D$5:$D$80)+SUMIF('07数值索引'!$A$5:$A$80,G11,'07数值索引'!$D$5:$D$80)+SUMIF('07数值索引'!$A$5:$A$80,H11,'07数值索引'!$D$5:$D$80)+SUMIF('07数值索引'!$A$5:$A$80,I11,'07数值索引'!$D$5:$D$80)+SUMIF('07数值索引'!$A$5:$A$80,J11,'07数值索引'!$D$5:$D$80)+SUMIF('07数值索引'!$A$5:$A$80,K11,'07数值索引'!$D$5:$D$80)+SUMIF('07数值索引'!$A$5:$A$80,L11,'07数值索引'!$D$5:$D$80)+SUMIF('07数值索引'!$A$5:$A$80,M11,'07数值索引'!$D$5:$D$80)+SUMIF('07数值索引'!$A$5:$A$80,N11,'07数值索引'!$D$5:$D$80) -> 3 | P11: =0+SUMIF('07数值索引'!$A$5:$A$80,C11,'07数值索引'!$E$5:$E$80)+SUMIF('07数值索引'!$A$5:$A$80,D11,'07数值索引'!$E$5:$E$80)+SUMIF('07数值索引'!$A$5:$A$80,E11,'07数值索引'!$E$5:$E$80)+SUMIF('07数值索引'!$A$5:$A$80,F11,'07数值索引'!$E$5:$E$80)+SUMIF('07数值索引'!$A$5:$A$80,G11,'07数值索引'!$E$5:$E$80)+SUMIF('07数值索引'!$A$5:$A$80,H11,'07数值索引'!$E$5:$E$80)+SUMIF('07数值索引'!$A$5:$A$80,I11,'07数值索引'!$E$5:$E$80)+SUMIF('07数值索引'!$A$5:$A$80,J11,'07数值索引'!$E$5:$E$80)+SUMIF('07数值索引'!$A$5:$A$80,K11,'07数值索引'!$E$5:$E$80)+SUMIF('07数值索引'!$A$5:$A$80,L11,'07数值索引'!$E$5:$E$80)+SUMIF('07数值索引'!$A$5:$A$80,M11,'07数值索引'!$E$5:$E$80)+SUMIF('07数值索引'!$A$5:$A$80,N11,'07数值索引'!$E$5:$E$80) -> 13 | Q11: =0+SUMIF('07数值索引'!$A$5:$A$80,C11,'07数值索引'!$F$5:$F$80)+SUMIF('07数值索引'!$A$5:$A$80,D11,'07数值索引'!$F$5:$F$80)+SUMIF('07数值索引'!$A$5:$A$80,E11,'07数值索引'!$F$5:$F$80)+SUMIF('07数值索引'!$A$5:$A$80,F11,'07数值索引'!$F$5:$F$80)+SUMIF('07数值索引'!$A$5:$A$80,G11,'07数值索引'!$F$5:$F$80)+SUMIF('07数值索引'!$A$5:$A$80,H11,'07数值索引'!$F$5:$F$80)+SUMIF('07数值索引'!$A$5:$A$80,I11,'07数值索引'!$F$5:$F$80)+SUMIF('07数值索引'!$A$5:$A$80,J11,'07数值索引'!$F$5:$F$80)+SUMIF('07数值索引'!$A$5:$A$80,K11,'07数值索引'!$F$5:$F$80)+SUMIF('07数值索引'!$A$5:$A$80,L11,'07数值索引'!$F$5:$F$80)+SUMIF('07数值索引'!$A$5:$A$80,M11,'07数值索引'!$F$5:$F$80)+SUMIF('07数值索引'!$A$5:$A$80,N11,'07数值索引'!$F$5:$F$80) -> -5 | R11: =0+SUMIF('07数值索引'!$A$5:$A$80,C11,'07数值索引'!$G$5:$G$80)+SUMIF('07数值索引'!$A$5:$A$80,D11,'07数值索引'!$G$5:$G$80)+SUMIF('07数值索引'!$A$5:$A$80,E11,'07数值索引'!$G$5:$G$80)+SUMIF('07数值索引'!$A$5:$A$80,F11,'07数值索引'!$G$5:$G$80)+SUMIF('07数值索引'!$A$5:$A$80,G11,'07数值索引'!$G$5:$G$80)+SUMIF('07数值索引'!$A$5:$A$80,H11,'07数值索引'!$G$5:$G$80)+SUMIF('07数值索引'!$A$5:$A$80,I11,'07数值索引'!$G$5:$G$80)+SUMIF('07数值索引'!$A$5:$A$80,J11,'07数值索引'!$G$5:$G$80)+SUMIF('07数值索引'!$A$5:$A$80,K11,'07数值索引'!$G$5:$G$80)+SUMIF('07数值索引'!$A$5:$A$80,L11,'07数值索引'!$G$5:$G$80)+SUMIF('07数值索引'!$A$5:$A$80,M11,'07数值索引'!$G$5:$G$80)+SUMIF('07数值索引'!$A$5:$A$80,N11,'07数值索引'!$G$5:$G$80) -> 11 | S11: =0+SUMIF('07数值索引'!$A$5:$A$80,C11,'07数值索引'!$H$5:$H$80)+SUMIF('07数值索引'!$A$5:$A$80,D11,'07数值索引'!$H$5:$H$80)+SUMIF('07数值索引'!$A$5:$A$80,E11,'07数值索引'!$H$5:$H$80)+SUMIF('07数值索引'!$A$5:$A$80,F11,'07数值索引'!$H$5:$H$80)+SUMIF('07数值索引'!$A$5:$A$80,G11,'07数值索引'!$H$5:$H$80)+SUMIF('07数值索引'!$A$5:$A$80,H11,'07数值索引'!$H$5:$H$80)+SUMIF('07数值索引'!$A$5:$A$80,I11,'07数值索引'!$H$5:$H$80)+SUMIF('07数值索引'!$A$5:$A$80,J11,'07数值索引'!$H$5:$H$80)+SUMIF('07数值索引'!$A$5:$A$80,K11,'07数值索引'!$H$5:$H$80)+SUMIF('07数值索引'!$A$5:$A$80,L11,'07数值索引'!$H$5:$H$80)+SUMIF('07数值索引'!$A$5:$A$80,M11,'07数值索引'!$H$5:$H$80)+SUMIF('07数值索引'!$A$5:$A$80,N11,'07数值索引'!$H$5:$H$80) -> 2 | T11: =0+SUMIF('07数值索引'!$A$5:$A$80,C11,'07数值索引'!$I$5:$I$80)+SUMIF('07数值索引'!$A$5:$A$80,D11,'07数值索引'!$I$5:$I$80)+SUMIF('07数值索引'!$A$5:$A$80,E11,'07数值索引'!$I$5:$I$80)+SUMIF('07数值索引'!$A$5:$A$80,F11,'07数值索引'!$I$5:$I$80)+SUMIF('07数值索引'!$A$5:$A$80,G11,'07数值索引'!$I$5:$I$80)+SUMIF('07数值索引'!$A$5:$A$80,H11,'07数值索引'!$I$5:$I$80)+SUMIF('07数值索引'!$A$5:$A$80,I11,'07数值索引'!$I$5:$I$80)+SUMIF('07数值索引'!$A$5:$A$80,J11,'07数值索引'!$I$5:$I$80)+SUMIF('07数值索引'!$A$5:$A$80,K11,'07数值索引'!$I$5:$I$80)+SUMIF('07数值索引'!$A$5:$A$80,L11,'07数值索引'!$I$5:$I$80)+SUMIF('07数值索引'!$A$5:$A$80,M11,'07数值索引'!$I$5:$I$80)+SUMIF('07数值索引'!$A$5:$A$80,N11,'07数值索引'!$I$5:$I$80) -> 0 | U11: =0+SUMIF('07数值索引'!$A$5:$A$80,C11,'07数值索引'!$J$5:$J$80)+SUMIF('07数值索引'!$A$5:$A$80,D11,'07数值索引'!$J$5:$J$80)+SUMIF('07数值索引'!$A$5:$A$80,E11,'07数值索引'!$J$5:$J$80)+SUMIF('07数值索引'!$A$5:$A$80,F11,'07数值索引'!$J$5:$J$80)+SUMIF('07数值索引'!$A$5:$A$80,G11,'07数值索引'!$J$5:$J$80)+SUMIF('07数值索引'!$A$5:$A$80,H11,'07数值索引'!$J$5:$J$80)+SUMIF('07数值索引'!$A$5:$A$80,I11,'07数值索引'!$J$5:$J$80)+SUMIF('07数值索引'!$A$5:$A$80,J11,'07数值索引'!$J$5:$J$80)+SUMIF('07数值索引'!$A$5:$A$80,K11,'07数值索引'!$J$5:$J$80)+SUMIF('07数值索引'!$A$5:$A$80,L11,'07数值索引'!$J$5:$J$80)+SUMIF('07数值索引'!$A$5:$A$80,M11,'07数值索引'!$J$5:$J$80)+SUMIF('07数值索引'!$A$5:$A$80,N11,'07数值索引'!$J$5:$J$80) -> 0 | V11: =0+SUMIF('07数值索引'!$A$5:$A$80,C11,'07数值索引'!$K$5:$K$80)+SUMIF('07数值索引'!$A$5:$A$80,D11,'07数值索引'!$K$5:$K$80)+SUMIF('07数值索引'!$A$5:$A$80,E11,'07数值索引'!$K$5:$K$80)+SUMIF('07数值索引'!$A$5:$A$80,F11,'07数值索引'!$K$5:$K$80)+SUMIF('07数值索引'!$A$5:$A$80,G11,'07数值索引'!$K$5:$K$80)+SUMIF('07数值索引'!$A$5:$A$80,H11,'07数值索引'!$K$5:$K$80)+SUMIF('07数值索引'!$A$5:$A$80,I11,'07数值索引'!$K$5:$K$80)+SUMIF('07数值索引'!$A$5:$A$80,J11,'07数值索引'!$K$5:$K$80)+SUMIF('07数值索引'!$A$5:$A$80,K11,'07数值索引'!$K$5:$K$80)+SUMIF('07数值索引'!$A$5:$A$80,L11,'07数值索引'!$K$5:$K$80)+SUMIF('07数值索引'!$A$5:$A$80,M11,'07数值索引'!$K$5:$K$80)+SUMIF('07数值索引'!$A$5:$A$80,N11,'07数值索引'!$K$5:$K$80) -> 1 | W11: =0+SUMIF('07数值索引'!$A$5:$A$80,C11,'07数值索引'!$L$5:$L$80)+SUMIF('07数值索引'!$A$5:$A$80,D11,'07数值索引'!$L$5:$L$80)+SUMIF('07数值索引'!$A$5:$A$80,E11,'07数值索引'!$L$5:$L$80)+SUMIF('07数值索引'!$A$5:$A$80,F11,'07数值索引'!$L$5:$L$80)+SUMIF('07数值索引'!$A$5:$A$80,G11,'07数值索引'!$L$5:$L$80)+SUMIF('07数值索引'!$A$5:$A$80,H11,'07数值索引'!$L$5:$L$80)+SUMIF('07数值索引'!$A$5:$A$80,I11,'07数值索引'!$L$5:$L$80)+SUMIF('07数值索引'!$A$5:$A$80,J11,'07数值索引'!$L$5:$L$80)+SUMIF('07数值索引'!$A$5:$A$80,K11,'07数值索引'!$L$5:$L$80)+SUMIF('07数值索引'!$A$5:$A$80,L11,'07数值索引'!$L$5:$L$80)+SUMIF('07数值索引'!$A$5:$A$80,M11,'07数值索引'!$L$5:$L$80)+SUMIF('07数值索引'!$A$5:$A$80,N11,'07数值索引'!$L$5:$L$80) -> 0 | X11: =0+SUMIF('07数值索引'!$A$5:$A$80,C11,'07数值索引'!$M$5:$M$80)+SUMIF('07数值索引'!$A$5:$A$80,D11,'07数值索引'!$M$5:$M$80)+SUMIF('07数值索引'!$A$5:$A$80,E11,'07数值索引'!$M$5:$M$80)+SUMIF('07数值索引'!$A$5:$A$80,F11,'07数值索引'!$M$5:$M$80)+SUMIF('07数值索引'!$A$5:$A$80,G11,'07数值索引'!$M$5:$M$80)+SUMIF('07数值索引'!$A$5:$A$80,H11,'07数值索引'!$M$5:$M$80)+SUMIF('07数值索引'!$A$5:$A$80,I11,'07数值索引'!$M$5:$M$80)+SUMIF('07数值索引'!$A$5:$A$80,J11,'07数值索引'!$M$5:$M$80)+SUMIF('07数值索引'!$A$5:$A$80,K11,'07数值索引'!$M$5:$M$80)+SUMIF('07数值索引'!$A$5:$A$80,L11,'07数值索引'!$M$5:$M$80)+SUMIF('07数值索引'!$A$5:$A$80,M11,'07数值索引'!$M$5:$M$80)+SUMIF('07数值索引'!$A$5:$A$80,N11,'07数值索引'!$M$5:$M$80) -> 1 | Y11: =0+SUMIF('07数值索引'!$A$5:$A$80,C11,'07数值索引'!$N$5:$N$80)+SUMIF('07数值索引'!$A$5:$A$80,D11,'07数值索引'!$N$5:$N$80)+SUMIF('07数值索引'!$A$5:$A$80,E11,'07数值索引'!$N$5:$N$80)+SUMIF('07数值索引'!$A$5:$A$80,F11,'07数值索引'!$N$5:$N$80)+SUMIF('07数值索引'!$A$5:$A$80,G11,'07数值索引'!$N$5:$N$80)+SUMIF('07数值索引'!$A$5:$A$80,H11,'07数值索引'!$N$5:$N$80)+SUMIF('07数值索引'!$A$5:$A$80,I11,'07数值索引'!$N$5:$N$80)+SUMIF('07数值索引'!$A$5:$A$80,J11,'07数值索引'!$N$5:$N$80)+SUMIF('07数值索引'!$A$5:$A$80,K11,'07数值索引'!$N$5:$N$80)+SUMIF('07数值索引'!$A$5:$A$80,L11,'07数值索引'!$N$5:$N$80)+SUMIF('07数值索引'!$A$5:$A$80,M11,'07数值索引'!$N$5:$N$80)+SUMIF('07数值索引'!$A$5:$A$80,N11,'07数值索引'!$N$5:$N$80) -> 0 | Z11: =0+SUMIF('07数值索引'!$A$5:$A$80,C11,'07数值索引'!$O$5:$O$80)+SUMIF('07数值索引'!$A$5:$A$80,D11,'07数值索引'!$O$5:$O$80)+SUMIF('07数值索引'!$A$5:$A$80,E11,'07数值索引'!$O$5:$O$80)+SUMIF('07数值索引'!$A$5:$A$80,F11,'07数值索引'!$O$5:$O$80)+SUMIF('07数值索引'!$A$5:$A$80,G11,'07数值索引'!$O$5:$O$80)+SUMIF('07数值索引'!$A$5:$A$80,H11,'07数值索引'!$O$5:$O$80)+SUMIF('07数值索引'!$A$5:$A$80,I11,'07数值索引'!$O$5:$O$80)+SUMIF('07数值索引'!$A$5:$A$80,J11,'07数值索引'!$O$5:$O$80)+SUMIF('07数值索引'!$A$5:$A$80,K11,'07数值索引'!$O$5:$O$80)+SUMIF('07数值索引'!$A$5:$A$80,L11,'07数值索引'!$O$5:$O$80)+SUMIF('07数值索引'!$A$5:$A$80,M11,'07数值索引'!$O$5:$O$80)+SUMIF('07数值索引'!$A$5:$A$80,N11,'07数值索引'!$O$5:$O$80) -> 0 | AA11: =0+SUMIF('07数值索引'!$A$5:$A$80,C11,'07数值索引'!$P$5:$P$80)+SUMIF('07数值索引'!$A$5:$A$80,D11,'07数值索引'!$P$5:$P$80)+SUMIF('07数值索引'!$A$5:$A$80,E11,'07数值索引'!$P$5:$P$80)+SUMIF('07数值索引'!$A$5:$A$80,F11,'07数值索引'!$P$5:$P$80)+SUMIF('07数值索引'!$A$5:$A$80,G11,'07数值索引'!$P$5:$P$80)+SUMIF('07数值索引'!$A$5:$A$80,H11,'07数值索引'!$P$5:$P$80)+SUMIF('07数值索引'!$A$5:$A$80,I11,'07数值索引'!$P$5:$P$80)+SUMIF('07数值索引'!$A$5:$A$80,J11,'07数值索引'!$P$5:$P$80)+SUMIF('07数值索引'!$A$5:$A$80,K11,'07数值索引'!$P$5:$P$80)+SUMIF('07数值索引'!$A$5:$A$80,L11,'07数值索引'!$P$5:$P$80)+SUMIF('07数值索引'!$A$5:$A$80,M11,'07数值索引'!$P$5:$P$80)+SUMIF('07数值索引'!$A$5:$A$80,N11,'07数值索引'!$P$5:$P$80) -> 1 | AB11: =0+SUMIF('07数值索引'!$A$5:$A$80,C11,'07数值索引'!$Q$5:$Q$80)+SUMIF('07数值索引'!$A$5:$A$80,D11,'07数值索引'!$Q$5:$Q$80)+SUMIF('07数值索引'!$A$5:$A$80,E11,'07数值索引'!$Q$5:$Q$80)+SUMIF('07数值索引'!$A$5:$A$80,F11,'07数值索引'!$Q$5:$Q$80)+SUMIF('07数值索引'!$A$5:$A$80,G11,'07数值索引'!$Q$5:$Q$80)+SUMIF('07数值索引'!$A$5:$A$80,H11,'07数值索引'!$Q$5:$Q$80)+SUMIF('07数值索引'!$A$5:$A$80,I11,'07数值索引'!$Q$5:$Q$80)+SUMIF('07数值索引'!$A$5:$A$80,J11,'07数值索引'!$Q$5:$Q$80)+SUMIF('07数值索引'!$A$5:$A$80,K11,'07数值索引'!$Q$5:$Q$80)+SUMIF('07数值索引'!$A$5:$A$80,L11,'07数值索引'!$Q$5:$Q$80)+SUMIF('07数值索引'!$A$5:$A$80,M11,'07数值索引'!$Q$5:$Q$80)+SUMIF('07数值索引'!$A$5:$A$80,N11,'07数值索引'!$Q$5:$Q$80) -> 0 | AC11: =0+SUMIF('07数值索引'!$A$5:$A$80,C11,'07数值索引'!$R$5:$R$80)+SUMIF('07数值索引'!$A$5:$A$80,D11,'07数值索引'!$R$5:$R$80)+SUMIF('07数值索引'!$A$5:$A$80,E11,'07数值索引'!$R$5:$R$80)+SUMIF('07数值索引'!$A$5:$A$80,F11,'07数值索引'!$R$5:$R$80)+SUMIF('07数值索引'!$A$5:$A$80,G11,'07数值索引'!$R$5:$R$80)+SUMIF('07数值索引'!$A$5:$A$80,H11,'07数值索引'!$R$5:$R$80)+SUMIF('07数值索引'!$A$5:$A$80,I11,'07数值索引'!$R$5:$R$80)+SUMIF('07数值索引'!$A$5:$A$80,J11,'07数值索引'!$R$5:$R$80)+SUMIF('07数值索引'!$A$5:$A$80,K11,'07数值索引'!$R$5:$R$80)+SUMIF('07数值索引'!$A$5:$A$80,L11,'07数值索引'!$R$5:$R$80)+SUMIF('07数值索引'!$A$5:$A$80,M11,'07数值索引'!$R$5:$R$80)+SUMIF('07数值索引'!$A$5:$A$80,N11,'07数值索引'!$R$5:$R$80) -> 0 | AD11: =IF(AC11>0,"《无名尸体》",IF(AND(Y11>0,R11>=6),"《证人之死》",IF(AND(AA11>0,R11>=8),"《最后一次神迹》",IF(AND(AB11>0,Q11<=-3,T11>=2,U11>0,W11>0,AH11="是"),"《审判》",IF(AND(AA11>0,P11>=5,V11>0),"《第二位圣女》",IF(AND(O11>=7,S11>=1,U11=0,P11<=4,OR(Q11>=4,Z11>0)),"《继续前行》","《逃避》")))))) -> 《最后一次神迹》 | AE11: 《最后一次神迹》 | AF11: =IF(AD11=AE11,"PASS","CHECK") -> PASS | AG11: 公开聚众与追捕叠加超过控制能力 | AH11: =IF(AND(O11<=0,T11>=2,U11=1),"是","否") -> 否 | AI11: =IF(AND(OR(C11="",COUNTIF('07数值索引'!$A$5:$A$80,C11)=1),OR(D11="",COUNTIF('07数值索引'!$A$5:$A$80,D11)=1),OR(E11="",COUNTIF('07数值索引'!$A$5:$A$80,E11)=1),OR(F11="",COUNTIF('07数值索引'!$A$5:$A$80,F11)=1),OR(G11="",COUNTIF('07数值索引'!$A$5:$A$80,G11)=1),OR(H11="",COUNTIF('07数值索引'!$A$5:$A$80,H11)=1),OR(I11="",COUNTIF('07数值索引'!$A$5:$A$80,I11)=1),OR(J11="",COUNTIF('07数值索引'!$A$5:$A$80,J11)=1),OR(K11="",COUNTIF('07数值索引'!$A$5:$A$80,K11)=1),OR(L11="",COUNTIF('07数值索引'!$A$5:$A$80,L11)=1),OR(M11="",COUNTIF('07数值索引'!$A$5:$A$80,M11)=1),OR(N11="",COUNTIF('07数值索引'!$A$5:$A$80,N11)=1)),"PASS","CHECK") -> PASS | AJ11: =IFERROR(VLOOKUP(A11,'08A前置合法性'!$X$5:$Z$20,3,FALSE),"CHECK") -> PASS | AK11: =IF(AND(AF11="PASS",AI11="PASS",AJ11="PASS"),"PASS","CHECK") -> PASS
A12: R08 | B12: 无名尸体—身份确认前失败 | C12: SYS-START | D12: S01-O02 | E12: S02-O02 | F12: FAIL-S03-01 | O12: =0+SUMIF('07数值索引'!$A$5:$A$80,C12,'07数值索引'!$D$5:$D$80)+SUMIF('07数值索引'!$A$5:$A$80,D12,'07数值索引'!$D$5:$D$80)+SUMIF('07数值索引'!$A$5:$A$80,E12,'07数值索引'!$D$5:$D$80)+SUMIF('07数值索引'!$A$5:$A$80,F12,'07数值索引'!$D$5:$D$80)+SUMIF('07数值索引'!$A$5:$A$80,G12,'07数值索引'!$D$5:$D$80)+SUMIF('07数值索引'!$A$5:$A$80,H12,'07数值索引'!$D$5:$D$80)+SUMIF('07数值索引'!$A$5:$A$80,I12,'07数值索引'!$D$5:$D$80)+SUMIF('07数值索引'!$A$5:$A$80,J12,'07数值索引'!$D$5:$D$80)+SUMIF('07数值索引'!$A$5:$A$80,K12,'07数值索引'!$D$5:$D$80)+SUMIF('07数值索引'!$A$5:$A$80,L12,'07数值索引'!$D$5:$D$80)+SUMIF('07数值索引'!$A$5:$A$80,M12,'07数值索引'!$D$5:$D$80)+SUMIF('07数值索引'!$A$5:$A$80,N12,'07数值索引'!$D$5:$D$80) -> 0 | P12: =0+SUMIF('07数值索引'!$A$5:$A$80,C12,'07数值索引'!$E$5:$E$80)+SUMIF('07数值索引'!$A$5:$A$80,D12,'07数值索引'!$E$5:$E$80)+SUMIF('07数值索引'!$A$5:$A$80,E12,'07数值索引'!$E$5:$E$80)+SUMIF('07数值索引'!$A$5:$A$80,F12,'07数值索引'!$E$5:$E$80)+SUMIF('07数值索引'!$A$5:$A$80,G12,'07数值索引'!$E$5:$E$80)+SUMIF('07数值索引'!$A$5:$A$80,H12,'07数值索引'!$E$5:$E$80)+SUMIF('07数值索引'!$A$5:$A$80,I12,'07数值索引'!$E$5:$E$80)+SUMIF('07数值索引'!$A$5:$A$80,J12,'07数值索引'!$E$5:$E$80)+SUMIF('07数值索引'!$A$5:$A$80,K12,'07数值索引'!$E$5:$E$80)+SUMIF('07数值索引'!$A$5:$A$80,L12,'07数值索引'!$E$5:$E$80)+SUMIF('07数值索引'!$A$5:$A$80,M12,'07数值索引'!$E$5:$E$80)+SUMIF('07数值索引'!$A$5:$A$80,N12,'07数值索引'!$E$5:$E$80) -> 0 | Q12: =0+SUMIF('07数值索引'!$A$5:$A$80,C12,'07数值索引'!$F$5:$F$80)+SUMIF('07数值索引'!$A$5:$A$80,D12,'07数值索引'!$F$5:$F$80)+SUMIF('07数值索引'!$A$5:$A$80,E12,'07数值索引'!$F$5:$F$80)+SUMIF('07数值索引'!$A$5:$A$80,F12,'07数值索引'!$F$5:$F$80)+SUMIF('07数值索引'!$A$5:$A$80,G12,'07数值索引'!$F$5:$F$80)+SUMIF('07数值索引'!$A$5:$A$80,H12,'07数值索引'!$F$5:$F$80)+SUMIF('07数值索引'!$A$5:$A$80,I12,'07数值索引'!$F$5:$F$80)+SUMIF('07数值索引'!$A$5:$A$80,J12,'07数值索引'!$F$5:$F$80)+SUMIF('07数值索引'!$A$5:$A$80,K12,'07数值索引'!$F$5:$F$80)+SUMIF('07数值索引'!$A$5:$A$80,L12,'07数值索引'!$F$5:$F$80)+SUMIF('07数值索引'!$A$5:$A$80,M12,'07数值索引'!$F$5:$F$80)+SUMIF('07数值索引'!$A$5:$A$80,N12,'07数值索引'!$F$5:$F$80) -> 0 | R12: =0+SUMIF('07数值索引'!$A$5:$A$80,C12,'07数值索引'!$G$5:$G$80)+SUMIF('07数值索引'!$A$5:$A$80,D12,'07数值索引'!$G$5:$G$80)+SUMIF('07数值索引'!$A$5:$A$80,E12,'07数值索引'!$G$5:$G$80)+SUMIF('07数值索引'!$A$5:$A$80,F12,'07数值索引'!$G$5:$G$80)+SUMIF('07数值索引'!$A$5:$A$80,G12,'07数值索引'!$G$5:$G$80)+SUMIF('07数值索引'!$A$5:$A$80,H12,'07数值索引'!$G$5:$G$80)+SUMIF('07数值索引'!$A$5:$A$80,I12,'07数值索引'!$G$5:$G$80)+SUMIF('07数值索引'!$A$5:$A$80,J12,'07数值索引'!$G$5:$G$80)+SUMIF('07数值索引'!$A$5:$A$80,K12,'07数值索引'!$G$5:$G$80)+SUMIF('07数值索引'!$A$5:$A$80,L12,'07数值索引'!$G$5:$G$80)+SUMIF('07数值索引'!$A$5:$A$80,M12,'07数值索引'!$G$5:$G$80)+SUMIF('07数值索引'!$A$5:$A$80,N12,'07数值索引'!$G$5:$G$80) -> 7 | S12: =0+SUMIF('07数值索引'!$A$5:$A$80,C12,'07数值索引'!$H$5:$H$80)+SUMIF('07数值索引'!$A$5:$A$80,D12,'07数值索引'!$H$5:$H$80)+SUMIF('07数值索引'!$A$5:$A$80,E12,'07数值索引'!$H$5:$H$80)+SUMIF('07数值索引'!$A$5:$A$80,F12,'07数值索引'!$H$5:$H$80)+SUMIF('07数值索引'!$A$5:$A$80,G12,'07数值索引'!$H$5:$H$80)+SUMIF('07数值索引'!$A$5:$A$80,H12,'07数值索引'!$H$5:$H$80)+SUMIF('07数值索引'!$A$5:$A$80,I12,'07数值索引'!$H$5:$H$80)+SUMIF('07数值索引'!$A$5:$A$80,J12,'07数值索引'!$H$5:$H$80)+SUMIF('07数值索引'!$A$5:$A$80,K12,'07数值索引'!$H$5:$H$80)+SUMIF('07数值索引'!$A$5:$A$80,L12,'07数值索引'!$H$5:$H$80)+SUMIF('07数值索引'!$A$5:$A$80,M12,'07数值索引'!$H$5:$H$80)+SUMIF('07数值索引'!$A$5:$A$80,N12,'07数值索引'!$H$5:$H$80) -> 0 | T12: =0+SUMIF('07数值索引'!$A$5:$A$80,C12,'07数值索引'!$I$5:$I$80)+SUMIF('07数值索引'!$A$5:$A$80,D12,'07数值索引'!$I$5:$I$80)+SUMIF('07数值索引'!$A$5:$A$80,E12,'07数值索引'!$I$5:$I$80)+SUMIF('07数值索引'!$A$5:$A$80,F12,'07数值索引'!$I$5:$I$80)+SUMIF('07数值索引'!$A$5:$A$80,G12,'07数值索引'!$I$5:$I$80)+SUMIF('07数值索引'!$A$5:$A$80,H12,'07数值索引'!$I$5:$I$80)+SUMIF('07数值索引'!$A$5:$A$80,I12,'07数值索引'!$I$5:$I$80)+SUMIF('07数值索引'!$A$5:$A$80,J12,'07数值索引'!$I$5:$I$80)+SUMIF('07数值索引'!$A$5:$A$80,K12,'07数值索引'!$I$5:$I$80)+SUMIF('07数值索引'!$A$5:$A$80,L12,'07数值索引'!$I$5:$I$80)+SUMIF('07数值索引'!$A$5:$A$80,M12,'07数值索引'!$I$5:$I$80)+SUMIF('07数值索引'!$A$5:$A$80,N12,'07数值索引'!$I$5:$I$80) -> 0 | U12: =0+SUMIF('07数值索引'!$A$5:$A$80,C12,'07数值索引'!$J$5:$J$80)+SUMIF('07数值索引'!$A$5:$A$80,D12,'07数值索引'!$J$5:$J$80)+SUMIF('07数值索引'!$A$5:$A$80,E12,'07数值索引'!$J$5:$J$80)+SUMIF('07数值索引'!$A$5:$A$80,F12,'07数值索引'!$J$5:$J$80)+SUMIF('07数值索引'!$A$5:$A$80,G12,'07数值索引'!$J$5:$J$80)+SUMIF('07数值索引'!$A$5:$A$80,H12,'07数值索引'!$J$5:$J$80)+SUMIF('07数值索引'!$A$5:$A$80,I12,'07数值索引'!$J$5:$J$80)+SUMIF('07数值索引'!$A$5:$A$80,J12,'07数值索引'!$J$5:$J$80)+SUMIF('07数值索引'!$A$5:$A$80,K12,'07数值索引'!$J$5:$J$80)+SUMIF('07数值索引'!$A$5:$A$80,L12,'07数值索引'!$J$5:$J$80)+SUMIF('07数值索引'!$A$5:$A$80,M12,'07数值索引'!$J$5:$J$80)+SUMIF('07数值索引'!$A$5:$A$80,N12,'07数值索引'!$J$5:$J$80) -> 0 | V12: =0+SUMIF('07数值索引'!$A$5:$A$80,C12,'07数值索引'!$K$5:$K$80)+SUMIF('07数值索引'!$A$5:$A$80,D12,'07数值索引'!$K$5:$K$80)+SUMIF('07数值索引'!$A$5:$A$80,E12,'07数值索引'!$K$5:$K$80)+SUMIF('07数值索引'!$A$5:$A$80,F12,'07数值索引'!$K$5:$K$80)+SUMIF('07数值索引'!$A$5:$A$80,G12,'07数值索引'!$K$5:$K$80)+SUMIF('07数值索引'!$A$5:$A$80,H12,'07数值索引'!$K$5:$K$80)+SUMIF('07数值索引'!$A$5:$A$80,I12,'07数值索引'!$K$5:$K$80)+SUMIF('07数值索引'!$A$5:$A$80,J12,'07数值索引'!$K$5:$K$80)+SUMIF('07数值索引'!$A$5:$A$80,K12,'07数值索引'!$K$5:$K$80)+SUMIF('07数值索引'!$A$5:$A$80,L12,'07数值索引'!$K$5:$K$80)+SUMIF('07数值索引'!$A$5:$A$80,M12,'07数值索引'!$K$5:$K$80)+SUMIF('07数值索引'!$A$5:$A$80,N12,'07数值索引'!$K$5:$K$80) -> 0 | W12: =0+SUMIF('07数值索引'!$A$5:$A$80,C12,'07数值索引'!$L$5:$L$80)+SUMIF('07数值索引'!$A$5:$A$80,D12,'07数值索引'!$L$5:$L$80)+SUMIF('07数值索引'!$A$5:$A$80,E12,'07数值索引'!$L$5:$L$80)+SUMIF('07数值索引'!$A$5:$A$80,F12,'07数值索引'!$L$5:$L$80)+SUMIF('07数值索引'!$A$5:$A$80,G12,'07数值索引'!$L$5:$L$80)+SUMIF('07数值索引'!$A$5:$A$80,H12,'07数值索引'!$L$5:$L$80)+SUMIF('07数值索引'!$A$5:$A$80,I12,'07数值索引'!$L$5:$L$80)+SUMIF('07数值索引'!$A$5:$A$80,J12,'07数值索引'!$L$5:$L$80)+SUMIF('07数值索引'!$A$5:$A$80,K12,'07数值索引'!$L$5:$L$80)+SUMIF('07数值索引'!$A$5:$A$80,L12,'07数值索引'!$L$5:$L$80)+SUMIF('07数值索引'!$A$5:$A$80,M12,'07数值索引'!$L$5:$L$80)+SUMIF('07数值索引'!$A$5:$A$80,N12,'07数值索引'!$L$5:$L$80) -> 0 | X12: =0+SUMIF('07数值索引'!$A$5:$A$80,C12,'07数值索引'!$M$5:$M$80)+SUMIF('07数值索引'!$A$5:$A$80,D12,'07数值索引'!$M$5:$M$80)+SUMIF('07数值索引'!$A$5:$A$80,E12,'07数值索引'!$M$5:$M$80)+SUMIF('07数值索引'!$A$5:$A$80,F12,'07数值索引'!$M$5:$M$80)+SUMIF('07数值索引'!$A$5:$A$80,G12,'07数值索引'!$M$5:$M$80)+SUMIF('07数值索引'!$A$5:$A$80,H12,'07数值索引'!$M$5:$M$80)+SUMIF('07数值索引'!$A$5:$A$80,I12,'07数值索引'!$M$5:$M$80)+SUMIF('07数值索引'!$A$5:$A$80,J12,'07数值索引'!$M$5:$M$80)+SUMIF('07数值索引'!$A$5:$A$80,K12,'07数值索引'!$M$5:$M$80)+SUMIF('07数值索引'!$A$5:$A$80,L12,'07数值索引'!$M$5:$M$80)+SUMIF('07数值索引'!$A$5:$A$80,M12,'07数值索引'!$M$5:$M$80)+SUMIF('07数值索引'!$A$5:$A$80,N12,'07数值索引'!$M$5:$M$80) -> 0 | Y12: =0+SUMIF('07数值索引'!$A$5:$A$80,C12,'07数值索引'!$N$5:$N$80)+SUMIF('07数值索引'!$A$5:$A$80,D12,'07数值索引'!$N$5:$N$80)+SUMIF('07数值索引'!$A$5:$A$80,E12,'07数值索引'!$N$5:$N$80)+SUMIF('07数值索引'!$A$5:$A$80,F12,'07数值索引'!$N$5:$N$80)+SUMIF('07数值索引'!$A$5:$A$80,G12,'07数值索引'!$N$5:$N$80)+SUMIF('07数值索引'!$A$5:$A$80,H12,'07数值索引'!$N$5:$N$80)+SUMIF('07数值索引'!$A$5:$A$80,I12,'07数值索引'!$N$5:$N$80)+SUMIF('07数值索引'!$A$5:$A$80,J12,'07数值索引'!$N$5:$N$80)+SUMIF('07数值索引'!$A$5:$A$80,K12,'07数值索引'!$N$5:$N$80)+SUMIF('07数值索引'!$A$5:$A$80,L12,'07数值索引'!$N$5:$N$80)+SUMIF('07数值索引'!$A$5:$A$80,M12,'07数值索引'!$N$5:$N$80)+SUMIF('07数值索引'!$A$5:$A$80,N12,'07数值索引'!$N$5:$N$80) -> 0 | Z12: =0+SUMIF('07数值索引'!$A$5:$A$80,C12,'07数值索引'!$O$5:$O$80)+SUMIF('07数值索引'!$A$5:$A$80,D12,'07数值索引'!$O$5:$O$80)+SUMIF('07数值索引'!$A$5:$A$80,E12,'07数值索引'!$O$5:$O$80)+SUMIF('07数值索引'!$A$5:$A$80,F12,'07数值索引'!$O$5:$O$80)+SUMIF('07数值索引'!$A$5:$A$80,G12,'07数值索引'!$O$5:$O$80)+SUMIF('07数值索引'!$A$5:$A$80,H12,'07数值索引'!$O$5:$O$80)+SUMIF('07数值索引'!$A$5:$A$80,I12,'07数值索引'!$O$5:$O$80)+SUMIF('07数值索引'!$A$5:$A$80,J12,'07数值索引'!$O$5:$O$80)+SUMIF('07数值索引'!$A$5:$A$80,K12,'07数值索引'!$O$5:$O$80)+SUMIF('07数值索引'!$A$5:$A$80,L12,'07数值索引'!$O$5:$O$80)+SUMIF('07数值索引'!$A$5:$A$80,M12,'07数值索引'!$O$5:$O$80)+SUMIF('07数值索引'!$A$5:$A$80,N12,'07数值索引'!$O$5:$O$80) -> 0 | AA12: =0+SUMIF('07数值索引'!$A$5:$A$80,C12,'07数值索引'!$P$5:$P$80)+SUMIF('07数值索引'!$A$5:$A$80,D12,'07数值索引'!$P$5:$P$80)+SUMIF('07数值索引'!$A$5:$A$80,E12,'07数值索引'!$P$5:$P$80)+SUMIF('07数值索引'!$A$5:$A$80,F12,'07数值索引'!$P$5:$P$80)+SUMIF('07数值索引'!$A$5:$A$80,G12,'07数值索引'!$P$5:$P$80)+SUMIF('07数值索引'!$A$5:$A$80,H12,'07数值索引'!$P$5:$P$80)+SUMIF('07数值索引'!$A$5:$A$80,I12,'07数值索引'!$P$5:$P$80)+SUMIF('07数值索引'!$A$5:$A$80,J12,'07数值索引'!$P$5:$P$80)+SUMIF('07数值索引'!$A$5:$A$80,K12,'07数值索引'!$P$5:$P$80)+SUMIF('07数值索引'!$A$5:$A$80,L12,'07数值索引'!$P$5:$P$80)+SUMIF('07数值索引'!$A$5:$A$80,M12,'07数值索引'!$P$5:$P$80)+SUMIF('07数值索引'!$A$5:$A$80,N12,'07数值索引'!$P$5:$P$80) -> 0 | AB12: =0+SUMIF('07数值索引'!$A$5:$A$80,C12,'07数值索引'!$Q$5:$Q$80)+SUMIF('07数值索引'!$A$5:$A$80,D12,'07数值索引'!$Q$5:$Q$80)+SUMIF('07数值索引'!$A$5:$A$80,E12,'07数值索引'!$Q$5:$Q$80)+SUMIF('07数值索引'!$A$5:$A$80,F12,'07数值索引'!$Q$5:$Q$80)+SUMIF('07数值索引'!$A$5:$A$80,G12,'07数值索引'!$Q$5:$Q$80)+SUMIF('07数值索引'!$A$5:$A$80,H12,'07数值索引'!$Q$5:$Q$80)+SUMIF('07数值索引'!$A$5:$A$80,I12,'07数值索引'!$Q$5:$Q$80)+SUMIF('07数值索引'!$A$5:$A$80,J12,'07数值索引'!$Q$5:$Q$80)+SUMIF('07数值索引'!$A$5:$A$80,K12,'07数值索引'!$Q$5:$Q$80)+SUMIF('07数值索引'!$A$5:$A$80,L12,'07数值索引'!$Q$5:$Q$80)+SUMIF('07数值索引'!$A$5:$A$80,M12,'07数值索引'!$Q$5:$Q$80)+SUMIF('07数值索引'!$A$5:$A$80,N12,'07数值索引'!$Q$5:$Q$80) -> 0 | AC12: =0+SUMIF('07数值索引'!$A$5:$A$80,C12,'07数值索引'!$R$5:$R$80)+SUMIF('07数值索引'!$A$5:$A$80,D12,'07数值索引'!$R$5:$R$80)+SUMIF('07数值索引'!$A$5:$A$80,E12,'07数值索引'!$R$5:$R$80)+SUMIF('07数值索引'!$A$5:$A$80,F12,'07数值索引'!$R$5:$R$80)+SUMIF('07数值索引'!$A$5:$A$80,G12,'07数值索引'!$R$5:$R$80)+SUMIF('07数值索引'!$A$5:$A$80,H12,'07数值索引'!$R$5:$R$80)+SUMIF('07数值索引'!$A$5:$A$80,I12,'07数值索引'!$R$5:$R$80)+SUMIF('07数值索引'!$A$5:$A$80,J12,'07数值索引'!$R$5:$R$80)+SUMIF('07数值索引'!$A$5:$A$80,K12,'07数值索引'!$R$5:$R$80)+SUMIF('07数值索引'!$A$5:$A$80,L12,'07数值索引'!$R$5:$R$80)+SUMIF('07数值索引'!$A$5:$A$80,M12,'07数值索引'!$R$5:$R$80)+SUMIF('07数值索引'!$A$5:$A$80,N12,'07数值索引'!$R$5:$R$80) -> 1 | AD12: =IF(AC12>0,"《无名尸体》",IF(AND(Y12>0,R12>=6),"《证人之死》",IF(AND(AA12>0,R12>=8),"《最后一次神迹》",IF(AND(AB12>0,Q12<=-3,T12>=2,U12>0,W12>0,AH12="是"),"《审判》",IF(AND(AA12>0,P12>=5,V12>0),"《第二位圣女》",IF(AND(O12>=7,S12>=1,U12=0,P12<=4,OR(Q12>=4,Z12>0)),"《继续前行》","《逃避》")))))) -> 《无名尸体》 | AE12: 《无名尸体》 | AF12: =IF(AD12=AE12,"PASS","CHECK") -> PASS | AG12: 后续步骤留空；不再使用无效占位ID | AH12: =IF(AND(O12<=0,T12>=2,U12=1),"是","否") -> 否 | AI12: =IF(AND(OR(C12="",COUNTIF('07数值索引'!$A$5:$A$80,C12)=1),OR(D12="",COUNTIF('07数值索引'!$A$5:$A$80,D12)=1),OR(E12="",COUNTIF('07数值索引'!$A$5:$A$80,E12)=1),OR(F12="",COUNTIF('07数值索引'!$A$5:$A$80,F12)=1),OR(G12="",COUNTIF('07数值索引'!$A$5:$A$80,G12)=1),OR(H12="",COUNTIF('07数值索引'!$A$5:$A$80,H12)=1),OR(I12="",COUNTIF('07数值索引'!$A$5:$A$80,I12)=1),OR(J12="",COUNTIF('07数值索引'!$A$5:$A$80,J12)=1),OR(K12="",COUNTIF('07数值索引'!$A$5:$A$80,K12)=1),OR(L12="",COUNTIF('07数值索引'!$A$5:$A$80,L12)=1),OR(M12="",COUNTIF('07数值索引'!$A$5:$A$80,M12)=1),OR(N12="",COUNTIF('07数值索引'!$A$5:$A$80,N12)=1)),"PASS","CHECK") -> PASS | AJ12: =IFERROR(VLOOKUP(A12,'08A前置合法性'!$X$5:$Z$20,3,FALSE),"CHECK") -> PASS | AK12: =IF(AND(AF12="PASS",AI12="PASS",AJ12="PASS"),"PASS","CHECK") -> PASS
A13: R09 | B13: 逃避—已交账簿仍携款 | C13: SYS-START | D13: S01-O03 | E13: S02-O02 | F13: C-S03-S-F-R | G13: S04-A04 | H13: S04-B02 | I13: K-LDG-AHE | J13: K-LTR-KEEP | K13: K-SLV-TAKE | L13: K-SEAL-HIDE | M13: SYS-WEI-MID | N13: ACT-ESCAPE | O13: =0+SUMIF('07数值索引'!$A$5:$A$80,C13,'07数值索引'!$D$5:$D$80)+SUMIF('07数值索引'!$A$5:$A$80,D13,'07数值索引'!$D$5:$D$80)+SUMIF('07数值索引'!$A$5:$A$80,E13,'07数值索引'!$D$5:$D$80)+SUMIF('07数值索引'!$A$5:$A$80,F13,'07数值索引'!$D$5:$D$80)+SUMIF('07数值索引'!$A$5:$A$80,G13,'07数值索引'!$D$5:$D$80)+SUMIF('07数值索引'!$A$5:$A$80,H13,'07数值索引'!$D$5:$D$80)+SUMIF('07数值索引'!$A$5:$A$80,I13,'07数值索引'!$D$5:$D$80)+SUMIF('07数值索引'!$A$5:$A$80,J13,'07数值索引'!$D$5:$D$80)+SUMIF('07数值索引'!$A$5:$A$80,K13,'07数值索引'!$D$5:$D$80)+SUMIF('07数值索引'!$A$5:$A$80,L13,'07数值索引'!$D$5:$D$80)+SUMIF('07数值索引'!$A$5:$A$80,M13,'07数值索引'!$D$5:$D$80)+SUMIF('07数值索引'!$A$5:$A$80,N13,'07数值索引'!$D$5:$D$80) -> -1 | P13: =0+SUMIF('07数值索引'!$A$5:$A$80,C13,'07数值索引'!$E$5:$E$80)+SUMIF('07数值索引'!$A$5:$A$80,D13,'07数值索引'!$E$5:$E$80)+SUMIF('07数值索引'!$A$5:$A$80,E13,'07数值索引'!$E$5:$E$80)+SUMIF('07数值索引'!$A$5:$A$80,F13,'07数值索引'!$E$5:$E$80)+SUMIF('07数值索引'!$A$5:$A$80,G13,'07数值索引'!$E$5:$E$80)+SUMIF('07数值索引'!$A$5:$A$80,H13,'07数值索引'!$E$5:$E$80)+SUMIF('07数值索引'!$A$5:$A$80,I13,'07数值索引'!$E$5:$E$80)+SUMIF('07数值索引'!$A$5:$A$80,J13,'07数值索引'!$E$5:$E$80)+SUMIF('07数值索引'!$A$5:$A$80,K13,'07数值索引'!$E$5:$E$80)+SUMIF('07数值索引'!$A$5:$A$80,L13,'07数值索引'!$E$5:$E$80)+SUMIF('07数值索引'!$A$5:$A$80,M13,'07数值索引'!$E$5:$E$80)+SUMIF('07数值索引'!$A$5:$A$80,N13,'07数值索引'!$E$5:$E$80) -> 1 | Q13: =0+SUMIF('07数值索引'!$A$5:$A$80,C13,'07数值索引'!$F$5:$F$80)+SUMIF('07数值索引'!$A$5:$A$80,D13,'07数值索引'!$F$5:$F$80)+SUMIF('07数值索引'!$A$5:$A$80,E13,'07数值索引'!$F$5:$F$80)+SUMIF('07数值索引'!$A$5:$A$80,F13,'07数值索引'!$F$5:$F$80)+SUMIF('07数值索引'!$A$5:$A$80,G13,'07数值索引'!$F$5:$F$80)+SUMIF('07数值索引'!$A$5:$A$80,H13,'07数值索引'!$F$5:$F$80)+SUMIF('07数值索引'!$A$5:$A$80,I13,'07数值索引'!$F$5:$F$80)+SUMIF('07数值索引'!$A$5:$A$80,J13,'07数值索引'!$F$5:$F$80)+SUMIF('07数值索引'!$A$5:$A$80,K13,'07数值索引'!$F$5:$F$80)+SUMIF('07数值索引'!$A$5:$A$80,L13,'07数值索引'!$F$5:$F$80)+SUMIF('07数值索引'!$A$5:$A$80,M13,'07数值索引'!$F$5:$F$80)+SUMIF('07数值索引'!$A$5:$A$80,N13,'07数值索引'!$F$5:$F$80) -> -2 | R13: =0+SUMIF('07数值索引'!$A$5:$A$80,C13,'07数值索引'!$G$5:$G$80)+SUMIF('07数值索引'!$A$5:$A$80,D13,'07数值索引'!$G$5:$G$80)+SUMIF('07数值索引'!$A$5:$A$80,E13,'07数值索引'!$G$5:$G$80)+SUMIF('07数值索引'!$A$5:$A$80,F13,'07数值索引'!$G$5:$G$80)+SUMIF('07数值索引'!$A$5:$A$80,G13,'07数值索引'!$G$5:$G$80)+SUMIF('07数值索引'!$A$5:$A$80,H13,'07数值索引'!$G$5:$G$80)+SUMIF('07数值索引'!$A$5:$A$80,I13,'07数值索引'!$G$5:$G$80)+SUMIF('07数值索引'!$A$5:$A$80,J13,'07数值索引'!$G$5:$G$80)+SUMIF('07数值索引'!$A$5:$A$80,K13,'07数值索引'!$G$5:$G$80)+SUMIF('07数值索引'!$A$5:$A$80,L13,'07数值索引'!$G$5:$G$80)+SUMIF('07数值索引'!$A$5:$A$80,M13,'07数值索引'!$G$5:$G$80)+SUMIF('07数值索引'!$A$5:$A$80,N13,'07数值索引'!$G$5:$G$80) -> 4 | S13: =0+SUMIF('07数值索引'!$A$5:$A$80,C13,'07数值索引'!$H$5:$H$80)+SUMIF('07数值索引'!$A$5:$A$80,D13,'07数值索引'!$H$5:$H$80)+SUMIF('07数值索引'!$A$5:$A$80,E13,'07数值索引'!$H$5:$H$80)+SUMIF('07数值索引'!$A$5:$A$80,F13,'07数值索引'!$H$5:$H$80)+SUMIF('07数值索引'!$A$5:$A$80,G13,'07数值索引'!$H$5:$H$80)+SUMIF('07数值索引'!$A$5:$A$80,H13,'07数值索引'!$H$5:$H$80)+SUMIF('07数值索引'!$A$5:$A$80,I13,'07数值索引'!$H$5:$H$80)+SUMIF('07数值索引'!$A$5:$A$80,J13,'07数值索引'!$H$5:$H$80)+SUMIF('07数值索引'!$A$5:$A$80,K13,'07数值索引'!$H$5:$H$80)+SUMIF('07数值索引'!$A$5:$A$80,L13,'07数值索引'!$H$5:$H$80)+SUMIF('07数值索引'!$A$5:$A$80,M13,'07数值索引'!$H$5:$H$80)+SUMIF('07数值索引'!$A$5:$A$80,N13,'07数值索引'!$H$5:$H$80) -> 1 | T13: =0+SUMIF('07数值索引'!$A$5:$A$80,C13,'07数值索引'!$I$5:$I$80)+SUMIF('07数值索引'!$A$5:$A$80,D13,'07数值索引'!$I$5:$I$80)+SUMIF('07数值索引'!$A$5:$A$80,E13,'07数值索引'!$I$5:$I$80)+SUMIF('07数值索引'!$A$5:$A$80,F13,'07数值索引'!$I$5:$I$80)+SUMIF('07数值索引'!$A$5:$A$80,G13,'07数值索引'!$I$5:$I$80)+SUMIF('07数值索引'!$A$5:$A$80,H13,'07数值索引'!$I$5:$I$80)+SUMIF('07数值索引'!$A$5:$A$80,I13,'07数值索引'!$I$5:$I$80)+SUMIF('07数值索引'!$A$5:$A$80,J13,'07数值索引'!$I$5:$I$80)+SUMIF('07数值索引'!$A$5:$A$80,K13,'07数值索引'!$I$5:$I$80)+SUMIF('07数值索引'!$A$5:$A$80,L13,'07数值索引'!$I$5:$I$80)+SUMIF('07数值索引'!$A$5:$A$80,M13,'07数值索引'!$I$5:$I$80)+SUMIF('07数值索引'!$A$5:$A$80,N13,'07数值索引'!$I$5:$I$80) -> 1 | U13: =0+SUMIF('07数值索引'!$A$5:$A$80,C13,'07数值索引'!$J$5:$J$80)+SUMIF('07数值索引'!$A$5:$A$80,D13,'07数值索引'!$J$5:$J$80)+SUMIF('07数值索引'!$A$5:$A$80,E13,'07数值索引'!$J$5:$J$80)+SUMIF('07数值索引'!$A$5:$A$80,F13,'07数值索引'!$J$5:$J$80)+SUMIF('07数值索引'!$A$5:$A$80,G13,'07数值索引'!$J$5:$J$80)+SUMIF('07数值索引'!$A$5:$A$80,H13,'07数值索引'!$J$5:$J$80)+SUMIF('07数值索引'!$A$5:$A$80,I13,'07数值索引'!$J$5:$J$80)+SUMIF('07数值索引'!$A$5:$A$80,J13,'07数值索引'!$J$5:$J$80)+SUMIF('07数值索引'!$A$5:$A$80,K13,'07数值索引'!$J$5:$J$80)+SUMIF('07数值索引'!$A$5:$A$80,L13,'07数值索引'!$J$5:$J$80)+SUMIF('07数值索引'!$A$5:$A$80,M13,'07数值索引'!$J$5:$J$80)+SUMIF('07数值索引'!$A$5:$A$80,N13,'07数值索引'!$J$5:$J$80) -> 1 | V13: =0+SUMIF('07数值索引'!$A$5:$A$80,C13,'07数值索引'!$K$5:$K$80)+SUMIF('07数值索引'!$A$5:$A$80,D13,'07数值索引'!$K$5:$K$80)+SUMIF('07数值索引'!$A$5:$A$80,E13,'07数值索引'!$K$5:$K$80)+SUMIF('07数值索引'!$A$5:$A$80,F13,'07数值索引'!$K$5:$K$80)+SUMIF('07数值索引'!$A$5:$A$80,G13,'07数值索引'!$K$5:$K$80)+SUMIF('07数值索引'!$A$5:$A$80,H13,'07数值索引'!$K$5:$K$80)+SUMIF('07数值索引'!$A$5:$A$80,I13,'07数值索引'!$K$5:$K$80)+SUMIF('07数值索引'!$A$5:$A$80,J13,'07数值索引'!$K$5:$K$80)+SUMIF('07数值索引'!$A$5:$A$80,K13,'07数值索引'!$K$5:$K$80)+SUMIF('07数值索引'!$A$5:$A$80,L13,'07数值索引'!$K$5:$K$80)+SUMIF('07数值索引'!$A$5:$A$80,M13,'07数值索引'!$K$5:$K$80)+SUMIF('07数值索引'!$A$5:$A$80,N13,'07数值索引'!$K$5:$K$80) -> 0 | W13: =0+SUMIF('07数值索引'!$A$5:$A$80,C13,'07数值索引'!$L$5:$L$80)+SUMIF('07数值索引'!$A$5:$A$80,D13,'07数值索引'!$L$5:$L$80)+SUMIF('07数值索引'!$A$5:$A$80,E13,'07数值索引'!$L$5:$L$80)+SUMIF('07数值索引'!$A$5:$A$80,F13,'07数值索引'!$L$5:$L$80)+SUMIF('07数值索引'!$A$5:$A$80,G13,'07数值索引'!$L$5:$L$80)+SUMIF('07数值索引'!$A$5:$A$80,H13,'07数值索引'!$L$5:$L$80)+SUMIF('07数值索引'!$A$5:$A$80,I13,'07数值索引'!$L$5:$L$80)+SUMIF('07数值索引'!$A$5:$A$80,J13,'07数值索引'!$L$5:$L$80)+SUMIF('07数值索引'!$A$5:$A$80,K13,'07数值索引'!$L$5:$L$80)+SUMIF('07数值索引'!$A$5:$A$80,L13,'07数值索引'!$L$5:$L$80)+SUMIF('07数值索引'!$A$5:$A$80,M13,'07数值索引'!$L$5:$L$80)+SUMIF('07数值索引'!$A$5:$A$80,N13,'07数值索引'!$L$5:$L$80) -> 0 | X13: =0+SUMIF('07数值索引'!$A$5:$A$80,C13,'07数值索引'!$M$5:$M$80)+SUMIF('07数值索引'!$A$5:$A$80,D13,'07数值索引'!$M$5:$M$80)+SUMIF('07数值索引'!$A$5:$A$80,E13,'07数值索引'!$M$5:$M$80)+SUMIF('07数值索引'!$A$5:$A$80,F13,'07数值索引'!$M$5:$M$80)+SUMIF('07数值索引'!$A$5:$A$80,G13,'07数值索引'!$M$5:$M$80)+SUMIF('07数值索引'!$A$5:$A$80,H13,'07数值索引'!$M$5:$M$80)+SUMIF('07数值索引'!$A$5:$A$80,I13,'07数值索引'!$M$5:$M$80)+SUMIF('07数值索引'!$A$5:$A$80,J13,'07数值索引'!$M$5:$M$80)+SUMIF('07数值索引'!$A$5:$A$80,K13,'07数值索引'!$M$5:$M$80)+SUMIF('07数值索引'!$A$5:$A$80,L13,'07数值索引'!$M$5:$M$80)+SUMIF('07数值索引'!$A$5:$A$80,M13,'07数值索引'!$M$5:$M$80)+SUMIF('07数值索引'!$A$5:$A$80,N13,'07数值索引'!$M$5:$M$80) -> 0 | Y13: =0+SUMIF('07数值索引'!$A$5:$A$80,C13,'07数值索引'!$N$5:$N$80)+SUMIF('07数值索引'!$A$5:$A$80,D13,'07数值索引'!$N$5:$N$80)+SUMIF('07数值索引'!$A$5:$A$80,E13,'07数值索引'!$N$5:$N$80)+SUMIF('07数值索引'!$A$5:$A$80,F13,'07数值索引'!$N$5:$N$80)+SUMIF('07数值索引'!$A$5:$A$80,G13,'07数值索引'!$N$5:$N$80)+SUMIF('07数值索引'!$A$5:$A$80,H13,'07数值索引'!$N$5:$N$80)+SUMIF('07数值索引'!$A$5:$A$80,I13,'07数值索引'!$N$5:$N$80)+SUMIF('07数值索引'!$A$5:$A$80,J13,'07数值索引'!$N$5:$N$80)+SUMIF('07数值索引'!$A$5:$A$80,K13,'07数值索引'!$N$5:$N$80)+SUMIF('07数值索引'!$A$5:$A$80,L13,'07数值索引'!$N$5:$N$80)+SUMIF('07数值索引'!$A$5:$A$80,M13,'07数值索引'!$N$5:$N$80)+SUMIF('07数值索引'!$A$5:$A$80,N13,'07数值索引'!$N$5:$N$80) -> 0 | Z13: =0+SUMIF('07数值索引'!$A$5:$A$80,C13,'07数值索引'!$O$5:$O$80)+SUMIF('07数值索引'!$A$5:$A$80,D13,'07数值索引'!$O$5:$O$80)+SUMIF('07数值索引'!$A$5:$A$80,E13,'07数值索引'!$O$5:$O$80)+SUMIF('07数值索引'!$A$5:$A$80,F13,'07数值索引'!$O$5:$O$80)+SUMIF('07数值索引'!$A$5:$A$80,G13,'07数值索引'!$O$5:$O$80)+SUMIF('07数值索引'!$A$5:$A$80,H13,'07数值索引'!$O$5:$O$80)+SUMIF('07数值索引'!$A$5:$A$80,I13,'07数值索引'!$O$5:$O$80)+SUMIF('07数值索引'!$A$5:$A$80,J13,'07数值索引'!$O$5:$O$80)+SUMIF('07数值索引'!$A$5:$A$80,K13,'07数值索引'!$O$5:$O$80)+SUMIF('07数值索引'!$A$5:$A$80,L13,'07数值索引'!$O$5:$O$80)+SUMIF('07数值索引'!$A$5:$A$80,M13,'07数值索引'!$O$5:$O$80)+SUMIF('07数值索引'!$A$5:$A$80,N13,'07数值索引'!$O$5:$O$80) -> 0 | AA13: =0+SUMIF('07数值索引'!$A$5:$A$80,C13,'07数值索引'!$P$5:$P$80)+SUMIF('07数值索引'!$A$5:$A$80,D13,'07数值索引'!$P$5:$P$80)+SUMIF('07数值索引'!$A$5:$A$80,E13,'07数值索引'!$P$5:$P$80)+SUMIF('07数值索引'!$A$5:$A$80,F13,'07数值索引'!$P$5:$P$80)+SUMIF('07数值索引'!$A$5:$A$80,G13,'07数值索引'!$P$5:$P$80)+SUMIF('07数值索引'!$A$5:$A$80,H13,'07数值索引'!$P$5:$P$80)+SUMIF('07数值索引'!$A$5:$A$80,I13,'07数值索引'!$P$5:$P$80)+SUMIF('07数值索引'!$A$5:$A$80,J13,'07数值索引'!$P$5:$P$80)+SUMIF('07数值索引'!$A$5:$A$80,K13,'07数值索引'!$P$5:$P$80)+SUMIF('07数值索引'!$A$5:$A$80,L13,'07数值索引'!$P$5:$P$80)+SUMIF('07数值索引'!$A$5:$A$80,M13,'07数值索引'!$P$5:$P$80)+SUMIF('07数值索引'!$A$5:$A$80,N13,'07数值索引'!$P$5:$P$80) -> 0 | AB13: =0+SUMIF('07数值索引'!$A$5:$A$80,C13,'07数值索引'!$Q$5:$Q$80)+SUMIF('07数值索引'!$A$5:$A$80,D13,'07数值索引'!$Q$5:$Q$80)+SUMIF('07数值索引'!$A$5:$A$80,E13,'07数值索引'!$Q$5:$Q$80)+SUMIF('07数值索引'!$A$5:$A$80,F13,'07数值索引'!$Q$5:$Q$80)+SUMIF('07数值索引'!$A$5:$A$80,G13,'07数值索引'!$Q$5:$Q$80)+SUMIF('07数值索引'!$A$5:$A$80,H13,'07数值索引'!$Q$5:$Q$80)+SUMIF('07数值索引'!$A$5:$A$80,I13,'07数值索引'!$Q$5:$Q$80)+SUMIF('07数值索引'!$A$5:$A$80,J13,'07数值索引'!$Q$5:$Q$80)+SUMIF('07数值索引'!$A$5:$A$80,K13,'07数值索引'!$Q$5:$Q$80)+SUMIF('07数值索引'!$A$5:$A$80,L13,'07数值索引'!$Q$5:$Q$80)+SUMIF('07数值索引'!$A$5:$A$80,M13,'07数值索引'!$Q$5:$Q$80)+SUMIF('07数值索引'!$A$5:$A$80,N13,'07数值索引'!$Q$5:$Q$80) -> 1 | AC13: =0+SUMIF('07数值索引'!$A$5:$A$80,C13,'07数值索引'!$R$5:$R$80)+SUMIF('07数值索引'!$A$5:$A$80,D13,'07数值索引'!$R$5:$R$80)+SUMIF('07数值索引'!$A$5:$A$80,E13,'07数值索引'!$R$5:$R$80)+SUMIF('07数值索引'!$A$5:$A$80,F13,'07数值索引'!$R$5:$R$80)+SUMIF('07数值索引'!$A$5:$A$80,G13,'07数值索引'!$R$5:$R$80)+SUMIF('07数值索引'!$A$5:$A$80,H13,'07数值索引'!$R$5:$R$80)+SUMIF('07数值索引'!$A$5:$A$80,I13,'07数值索引'!$R$5:$R$80)+SUMIF('07数值索引'!$A$5:$A$80,J13,'07数值索引'!$R$5:$R$80)+SUMIF('07数值索引'!$A$5:$A$80,K13,'07数值索引'!$R$5:$R$80)+SUMIF('07数值索引'!$A$5:$A$80,L13,'07数值索引'!$R$5:$R$80)+SUMIF('07数值索引'!$A$5:$A$80,M13,'07数值索引'!$R$5:$R$80)+SUMIF('07数值索引'!$A$5:$A$80,N13,'07数值索引'!$R$5:$R$80) -> 0 | AD13: =IF(AC13>0,"《无名尸体》",IF(AND(Y13>0,R13>=6),"《证人之死》",IF(AND(AA13>0,R13>=8),"《最后一次神迹》",IF(AND(AB13>0,Q13<=-3,T13>=2,U13>0,W13>0,AH13="是"),"《审判》",IF(AND(AA13>0,P13>=5,V13>0),"《第二位圣女》",IF(AND(O13>=7,S13>=1,U13=0,P13<=4,OR(Q13>=4,Z13>0)),"《继续前行》","《逃避》")))))) -> 《逃避》 | AE13: 《逃避》 | AF13: =IF(AD13=AE13,"PASS","CHECK") -> PASS | AG13: 做过一件正确的事，仍带走银票与剩余筹码 | AH13: =IF(AND(O13<=0,T13>=2,U13=1),"是","否") -> 否 | AI13: =IF(AND(OR(C13="",COUNTIF('07数值索引'!$A$5:$A$80,C13)=1),OR(D13="",COUNTIF('07数值索引'!$A$5:$A$80,D13)=1),OR(E13="",COUNTIF('07数值索引'!$A$5:$A$80,E13)=1),OR(F13="",COUNTIF('07数值索引'!$A$5:$A$80,F13)=1),OR(G13="",COUNTIF('07数值索引'!$A$5:$A$80,G13)=1),OR(H13="",COUNTIF('07数值索引'!$A$5:$A$80,H13)=1),OR(I13="",COUNTIF('07数值索引'!$A$5:$A$80,I13)=1),OR(J13="",COUNTIF('07数值索引'!$A$5:$A$80,J13)=1),OR(K13="",COUNTIF('07数值索引'!$A$5:$A$80,K13)=1),OR(L13="",COUNTIF('07数值索引'!$A$5:$A$80,L13)=1),OR(M13="",COUNTIF('07数值索引'!$A$5:$A$80,M13)=1),OR(N13="",COUNTIF('07数值索引'!$A$5:$A$80,N13)=1)),"PASS","CHECK") -> PASS | AJ13: =IFERROR(VLOOKUP(A13,'08A前置合法性'!$X$5:$Z$20,3,FALSE),"CHECK") -> PASS | AK13: =IF(AND(AF13="PASS",AI13="PASS",AJ13="PASS"),"PASS","CHECK") -> PASS
A14: R10 | B14: 第二位圣女—低压公开 | C14: SYS-START | D14: S01-O01 | E14: S02-O03 | F14: C-S03-A-F-P | G14: S04-A04 | H14: S04-B02 | I14: K-LDG-PUB | J14: K-LTR-KEEP | K14: K-SLV-VIC | L14: K-SEAL-WEAR | M14: SYS-WEI | N14: ACT-SAINT | O14: =0+SUMIF('07数值索引'!$A$5:$A$80,C14,'07数值索引'!$D$5:$D$80)+SUMIF('07数值索引'!$A$5:$A$80,D14,'07数值索引'!$D$5:$D$80)+SUMIF('07数值索引'!$A$5:$A$80,E14,'07数值索引'!$D$5:$D$80)+SUMIF('07数值索引'!$A$5:$A$80,F14,'07数值索引'!$D$5:$D$80)+SUMIF('07数值索引'!$A$5:$A$80,G14,'07数值索引'!$D$5:$D$80)+SUMIF('07数值索引'!$A$5:$A$80,H14,'07数值索引'!$D$5:$D$80)+SUMIF('07数值索引'!$A$5:$A$80,I14,'07数值索引'!$D$5:$D$80)+SUMIF('07数值索引'!$A$5:$A$80,J14,'07数值索引'!$D$5:$D$80)+SUMIF('07数值索引'!$A$5:$A$80,K14,'07数值索引'!$D$5:$D$80)+SUMIF('07数值索引'!$A$5:$A$80,L14,'07数值索引'!$D$5:$D$80)+SUMIF('07数值索引'!$A$5:$A$80,M14,'07数值索引'!$D$5:$D$80)+SUMIF('07数值索引'!$A$5:$A$80,N14,'07数值索引'!$D$5:$D$80) -> 5 | P14: =0+SUMIF('07数值索引'!$A$5:$A$80,C14,'07数值索引'!$E$5:$E$80)+SUMIF('07数值索引'!$A$5:$A$80,D14,'07数值索引'!$E$5:$E$80)+SUMIF('07数值索引'!$A$5:$A$80,E14,'07数值索引'!$E$5:$E$80)+SUMIF('07数值索引'!$A$5:$A$80,F14,'07数值索引'!$E$5:$E$80)+SUMIF('07数值索引'!$A$5:$A$80,G14,'07数值索引'!$E$5:$E$80)+SUMIF('07数值索引'!$A$5:$A$80,H14,'07数值索引'!$E$5:$E$80)+SUMIF('07数值索引'!$A$5:$A$80,I14,'07数值索引'!$E$5:$E$80)+SUMIF('07数值索引'!$A$5:$A$80,J14,'07数值索引'!$E$5:$E$80)+SUMIF('07数值索引'!$A$5:$A$80,K14,'07数值索引'!$E$5:$E$80)+SUMIF('07数值索引'!$A$5:$A$80,L14,'07数值索引'!$E$5:$E$80)+SUMIF('07数值索引'!$A$5:$A$80,M14,'07数值索引'!$E$5:$E$80)+SUMIF('07数值索引'!$A$5:$A$80,N14,'07数值索引'!$E$5:$E$80) -> 10 | Q14: =0+SUMIF('07数值索引'!$A$5:$A$80,C14,'07数值索引'!$F$5:$F$80)+SUMIF('07数值索引'!$A$5:$A$80,D14,'07数值索引'!$F$5:$F$80)+SUMIF('07数值索引'!$A$5:$A$80,E14,'07数值索引'!$F$5:$F$80)+SUMIF('07数值索引'!$A$5:$A$80,F14,'07数值索引'!$F$5:$F$80)+SUMIF('07数值索引'!$A$5:$A$80,G14,'07数值索引'!$F$5:$F$80)+SUMIF('07数值索引'!$A$5:$A$80,H14,'07数值索引'!$F$5:$F$80)+SUMIF('07数值索引'!$A$5:$A$80,I14,'07数值索引'!$F$5:$F$80)+SUMIF('07数值索引'!$A$5:$A$80,J14,'07数值索引'!$F$5:$F$80)+SUMIF('07数值索引'!$A$5:$A$80,K14,'07数值索引'!$F$5:$F$80)+SUMIF('07数值索引'!$A$5:$A$80,L14,'07数值索引'!$F$5:$F$80)+SUMIF('07数值索引'!$A$5:$A$80,M14,'07数值索引'!$F$5:$F$80)+SUMIF('07数值索引'!$A$5:$A$80,N14,'07数值索引'!$F$5:$F$80) -> 0 | R14: =0+SUMIF('07数值索引'!$A$5:$A$80,C14,'07数值索引'!$G$5:$G$80)+SUMIF('07数值索引'!$A$5:$A$80,D14,'07数值索引'!$G$5:$G$80)+SUMIF('07数值索引'!$A$5:$A$80,E14,'07数值索引'!$G$5:$G$80)+SUMIF('07数值索引'!$A$5:$A$80,F14,'07数值索引'!$G$5:$G$80)+SUMIF('07数值索引'!$A$5:$A$80,G14,'07数值索引'!$G$5:$G$80)+SUMIF('07数值索引'!$A$5:$A$80,H14,'07数值索引'!$G$5:$G$80)+SUMIF('07数值索引'!$A$5:$A$80,I14,'07数值索引'!$G$5:$G$80)+SUMIF('07数值索引'!$A$5:$A$80,J14,'07数值索引'!$G$5:$G$80)+SUMIF('07数值索引'!$A$5:$A$80,K14,'07数值索引'!$G$5:$G$80)+SUMIF('07数值索引'!$A$5:$A$80,L14,'07数值索引'!$G$5:$G$80)+SUMIF('07数值索引'!$A$5:$A$80,M14,'07数值索引'!$G$5:$G$80)+SUMIF('07数值索引'!$A$5:$A$80,N14,'07数值索引'!$G$5:$G$80) -> 7 | S14: =0+SUMIF('07数值索引'!$A$5:$A$80,C14,'07数值索引'!$H$5:$H$80)+SUMIF('07数值索引'!$A$5:$A$80,D14,'07数值索引'!$H$5:$H$80)+SUMIF('07数值索引'!$A$5:$A$80,E14,'07数值索引'!$H$5:$H$80)+SUMIF('07数值索引'!$A$5:$A$80,F14,'07数值索引'!$H$5:$H$80)+SUMIF('07数值索引'!$A$5:$A$80,G14,'07数值索引'!$H$5:$H$80)+SUMIF('07数值索引'!$A$5:$A$80,H14,'07数值索引'!$H$5:$H$80)+SUMIF('07数值索引'!$A$5:$A$80,I14,'07数值索引'!$H$5:$H$80)+SUMIF('07数值索引'!$A$5:$A$80,J14,'07数值索引'!$H$5:$H$80)+SUMIF('07数值索引'!$A$5:$A$80,K14,'07数值索引'!$H$5:$H$80)+SUMIF('07数值索引'!$A$5:$A$80,L14,'07数值索引'!$H$5:$H$80)+SUMIF('07数值索引'!$A$5:$A$80,M14,'07数值索引'!$H$5:$H$80)+SUMIF('07数值索引'!$A$5:$A$80,N14,'07数值索引'!$H$5:$H$80) -> 1 | T14: =0+SUMIF('07数值索引'!$A$5:$A$80,C14,'07数值索引'!$I$5:$I$80)+SUMIF('07数值索引'!$A$5:$A$80,D14,'07数值索引'!$I$5:$I$80)+SUMIF('07数值索引'!$A$5:$A$80,E14,'07数值索引'!$I$5:$I$80)+SUMIF('07数值索引'!$A$5:$A$80,F14,'07数值索引'!$I$5:$I$80)+SUMIF('07数值索引'!$A$5:$A$80,G14,'07数值索引'!$I$5:$I$80)+SUMIF('07数值索引'!$A$5:$A$80,H14,'07数值索引'!$I$5:$I$80)+SUMIF('07数值索引'!$A$5:$A$80,I14,'07数值索引'!$I$5:$I$80)+SUMIF('07数值索引'!$A$5:$A$80,J14,'07数值索引'!$I$5:$I$80)+SUMIF('07数值索引'!$A$5:$A$80,K14,'07数值索引'!$I$5:$I$80)+SUMIF('07数值索引'!$A$5:$A$80,L14,'07数值索引'!$I$5:$I$80)+SUMIF('07数值索引'!$A$5:$A$80,M14,'07数值索引'!$I$5:$I$80)+SUMIF('07数值索引'!$A$5:$A$80,N14,'07数值索引'!$I$5:$I$80) -> 1 | U14: =0+SUMIF('07数值索引'!$A$5:$A$80,C14,'07数值索引'!$J$5:$J$80)+SUMIF('07数值索引'!$A$5:$A$80,D14,'07数值索引'!$J$5:$J$80)+SUMIF('07数值索引'!$A$5:$A$80,E14,'07数值索引'!$J$5:$J$80)+SUMIF('07数值索引'!$A$5:$A$80,F14,'07数值索引'!$J$5:$J$80)+SUMIF('07数值索引'!$A$5:$A$80,G14,'07数值索引'!$J$5:$J$80)+SUMIF('07数值索引'!$A$5:$A$80,H14,'07数值索引'!$J$5:$J$80)+SUMIF('07数值索引'!$A$5:$A$80,I14,'07数值索引'!$J$5:$J$80)+SUMIF('07数值索引'!$A$5:$A$80,J14,'07数值索引'!$J$5:$J$80)+SUMIF('07数值索引'!$A$5:$A$80,K14,'07数值索引'!$J$5:$J$80)+SUMIF('07数值索引'!$A$5:$A$80,L14,'07数值索引'!$J$5:$J$80)+SUMIF('07数值索引'!$A$5:$A$80,M14,'07数值索引'!$J$5:$J$80)+SUMIF('07数值索引'!$A$5:$A$80,N14,'07数值索引'!$J$5:$J$80) -> 0 | V14: =0+SUMIF('07数值索引'!$A$5:$A$80,C14,'07数值索引'!$K$5:$K$80)+SUMIF('07数值索引'!$A$5:$A$80,D14,'07数值索引'!$K$5:$K$80)+SUMIF('07数值索引'!$A$5:$A$80,E14,'07数值索引'!$K$5:$K$80)+SUMIF('07数值索引'!$A$5:$A$80,F14,'07数值索引'!$K$5:$K$80)+SUMIF('07数值索引'!$A$5:$A$80,G14,'07数值索引'!$K$5:$K$80)+SUMIF('07数值索引'!$A$5:$A$80,H14,'07数值索引'!$K$5:$K$80)+SUMIF('07数值索引'!$A$5:$A$80,I14,'07数值索引'!$K$5:$K$80)+SUMIF('07数值索引'!$A$5:$A$80,J14,'07数值索引'!$K$5:$K$80)+SUMIF('07数值索引'!$A$5:$A$80,K14,'07数值索引'!$K$5:$K$80)+SUMIF('07数值索引'!$A$5:$A$80,L14,'07数值索引'!$K$5:$K$80)+SUMIF('07数值索引'!$A$5:$A$80,M14,'07数值索引'!$K$5:$K$80)+SUMIF('07数值索引'!$A$5:$A$80,N14,'07数值索引'!$K$5:$K$80) -> 1 | W14: =0+SUMIF('07数值索引'!$A$5:$A$80,C14,'07数值索引'!$L$5:$L$80)+SUMIF('07数值索引'!$A$5:$A$80,D14,'07数值索引'!$L$5:$L$80)+SUMIF('07数值索引'!$A$5:$A$80,E14,'07数值索引'!$L$5:$L$80)+SUMIF('07数值索引'!$A$5:$A$80,F14,'07数值索引'!$L$5:$L$80)+SUMIF('07数值索引'!$A$5:$A$80,G14,'07数值索引'!$L$5:$L$80)+SUMIF('07数值索引'!$A$5:$A$80,H14,'07数值索引'!$L$5:$L$80)+SUMIF('07数值索引'!$A$5:$A$80,I14,'07数值索引'!$L$5:$L$80)+SUMIF('07数值索引'!$A$5:$A$80,J14,'07数值索引'!$L$5:$L$80)+SUMIF('07数值索引'!$A$5:$A$80,K14,'07数值索引'!$L$5:$L$80)+SUMIF('07数值索引'!$A$5:$A$80,L14,'07数值索引'!$L$5:$L$80)+SUMIF('07数值索引'!$A$5:$A$80,M14,'07数值索引'!$L$5:$L$80)+SUMIF('07数值索引'!$A$5:$A$80,N14,'07数值索引'!$L$5:$L$80) -> 0 | X14: =0+SUMIF('07数值索引'!$A$5:$A$80,C14,'07数值索引'!$M$5:$M$80)+SUMIF('07数值索引'!$A$5:$A$80,D14,'07数值索引'!$M$5:$M$80)+SUMIF('07数值索引'!$A$5:$A$80,E14,'07数值索引'!$M$5:$M$80)+SUMIF('07数值索引'!$A$5:$A$80,F14,'07数值索引'!$M$5:$M$80)+SUMIF('07数值索引'!$A$5:$A$80,G14,'07数值索引'!$M$5:$M$80)+SUMIF('07数值索引'!$A$5:$A$80,H14,'07数值索引'!$M$5:$M$80)+SUMIF('07数值索引'!$A$5:$A$80,I14,'07数值索引'!$M$5:$M$80)+SUMIF('07数值索引'!$A$5:$A$80,J14,'07数值索引'!$M$5:$M$80)+SUMIF('07数值索引'!$A$5:$A$80,K14,'07数值索引'!$M$5:$M$80)+SUMIF('07数值索引'!$A$5:$A$80,L14,'07数值索引'!$M$5:$M$80)+SUMIF('07数值索引'!$A$5:$A$80,M14,'07数值索引'!$M$5:$M$80)+SUMIF('07数值索引'!$A$5:$A$80,N14,'07数值索引'!$M$5:$M$80) -> 0 | Y14: =0+SUMIF('07数值索引'!$A$5:$A$80,C14,'07数值索引'!$N$5:$N$80)+SUMIF('07数值索引'!$A$5:$A$80,D14,'07数值索引'!$N$5:$N$80)+SUMIF('07数值索引'!$A$5:$A$80,E14,'07数值索引'!$N$5:$N$80)+SUMIF('07数值索引'!$A$5:$A$80,F14,'07数值索引'!$N$5:$N$80)+SUMIF('07数值索引'!$A$5:$A$80,G14,'07数值索引'!$N$5:$N$80)+SUMIF('07数值索引'!$A$5:$A$80,H14,'07数值索引'!$N$5:$N$80)+SUMIF('07数值索引'!$A$5:$A$80,I14,'07数值索引'!$N$5:$N$80)+SUMIF('07数值索引'!$A$5:$A$80,J14,'07数值索引'!$N$5:$N$80)+SUMIF('07数值索引'!$A$5:$A$80,K14,'07数值索引'!$N$5:$N$80)+SUMIF('07数值索引'!$A$5:$A$80,L14,'07数值索引'!$N$5:$N$80)+SUMIF('07数值索引'!$A$5:$A$80,M14,'07数值索引'!$N$5:$N$80)+SUMIF('07数值索引'!$A$5:$A$80,N14,'07数值索引'!$N$5:$N$80) -> 0 | Z14: =0+SUMIF('07数值索引'!$A$5:$A$80,C14,'07数值索引'!$O$5:$O$80)+SUMIF('07数值索引'!$A$5:$A$80,D14,'07数值索引'!$O$5:$O$80)+SUMIF('07数值索引'!$A$5:$A$80,E14,'07数值索引'!$O$5:$O$80)+SUMIF('07数值索引'!$A$5:$A$80,F14,'07数值索引'!$O$5:$O$80)+SUMIF('07数值索引'!$A$5:$A$80,G14,'07数值索引'!$O$5:$O$80)+SUMIF('07数值索引'!$A$5:$A$80,H14,'07数值索引'!$O$5:$O$80)+SUMIF('07数值索引'!$A$5:$A$80,I14,'07数值索引'!$O$5:$O$80)+SUMIF('07数值索引'!$A$5:$A$80,J14,'07数值索引'!$O$5:$O$80)+SUMIF('07数值索引'!$A$5:$A$80,K14,'07数值索引'!$O$5:$O$80)+SUMIF('07数值索引'!$A$5:$A$80,L14,'07数值索引'!$O$5:$O$80)+SUMIF('07数值索引'!$A$5:$A$80,M14,'07数值索引'!$O$5:$O$80)+SUMIF('07数值索引'!$A$5:$A$80,N14,'07数值索引'!$O$5:$O$80) -> 0 | AA14: =0+SUMIF('07数值索引'!$A$5:$A$80,C14,'07数值索引'!$P$5:$P$80)+SUMIF('07数值索引'!$A$5:$A$80,D14,'07数值索引'!$P$5:$P$80)+SUMIF('07数值索引'!$A$5:$A$80,E14,'07数值索引'!$P$5:$P$80)+SUMIF('07数值索引'!$A$5:$A$80,F14,'07数值索引'!$P$5:$P$80)+SUMIF('07数值索引'!$A$5:$A$80,G14,'07数值索引'!$P$5:$P$80)+SUMIF('07数值索引'!$A$5:$A$80,H14,'07数值索引'!$P$5:$P$80)+SUMIF('07数值索引'!$A$5:$A$80,I14,'07数值索引'!$P$5:$P$80)+SUMIF('07数值索引'!$A$5:$A$80,J14,'07数值索引'!$P$5:$P$80)+SUMIF('07数值索引'!$A$5:$A$80,K14,'07数值索引'!$P$5:$P$80)+SUMIF('07数值索引'!$A$5:$A$80,L14,'07数值索引'!$P$5:$P$80)+SUMIF('07数值索引'!$A$5:$A$80,M14,'07数值索引'!$P$5:$P$80)+SUMIF('07数值索引'!$A$5:$A$80,N14,'07数值索引'!$P$5:$P$80) -> 1 | AB14: =0+SUMIF('07数值索引'!$A$5:$A$80,C14,'07数值索引'!$Q$5:$Q$80)+SUMIF('07数值索引'!$A$5:$A$80,D14,'07数值索引'!$Q$5:$Q$80)+SUMIF('07数值索引'!$A$5:$A$80,E14,'07数值索引'!$Q$5:$Q$80)+SUMIF('07数值索引'!$A$5:$A$80,F14,'07数值索引'!$Q$5:$Q$80)+SUMIF('07数值索引'!$A$5:$A$80,G14,'07数值索引'!$Q$5:$Q$80)+SUMIF('07数值索引'!$A$5:$A$80,H14,'07数值索引'!$Q$5:$Q$80)+SUMIF('07数值索引'!$A$5:$A$80,I14,'07数值索引'!$Q$5:$Q$80)+SUMIF('07数值索引'!$A$5:$A$80,J14,'07数值索引'!$Q$5:$Q$80)+SUMIF('07数值索引'!$A$5:$A$80,K14,'07数值索引'!$Q$5:$Q$80)+SUMIF('07数值索引'!$A$5:$A$80,L14,'07数值索引'!$Q$5:$Q$80)+SUMIF('07数值索引'!$A$5:$A$80,M14,'07数值索引'!$Q$5:$Q$80)+SUMIF('07数值索引'!$A$5:$A$80,N14,'07数值索引'!$Q$5:$Q$80) -> 0 | AC14: =0+SUMIF('07数值索引'!$A$5:$A$80,C14,'07数值索引'!$R$5:$R$80)+SUMIF('07数值索引'!$A$5:$A$80,D14,'07数值索引'!$R$5:$R$80)+SUMIF('07数值索引'!$A$5:$A$80,E14,'07数值索引'!$R$5:$R$80)+SUMIF('07数值索引'!$A$5:$A$80,F14,'07数值索引'!$R$5:$R$80)+SUMIF('07数值索引'!$A$5:$A$80,G14,'07数值索引'!$R$5:$R$80)+SUMIF('07数值索引'!$A$5:$A$80,H14,'07数值索引'!$R$5:$R$80)+SUMIF('07数值索引'!$A$5:$A$80,I14,'07数值索引'!$R$5:$R$80)+SUMIF('07数值索引'!$A$5:$A$80,J14,'07数值索引'!$R$5:$R$80)+SUMIF('07数值索引'!$A$5:$A$80,K14,'07数值索引'!$R$5:$R$80)+SUMIF('07数值索引'!$A$5:$A$80,L14,'07数值索引'!$R$5:$R$80)+SUMIF('07数值索引'!$A$5:$A$80,M14,'07数值索引'!$R$5:$R$80)+SUMIF('07数值索引'!$A$5:$A$80,N14,'07数值索引'!$R$5:$R$80) -> 0 | AD14: =IF(AC14>0,"《无名尸体》",IF(AND(Y14>0,R14>=6),"《证人之死》",IF(AND(AA14>0,R14>=8),"《最后一次神迹》",IF(AND(AB14>0,Q14<=-3,T14>=2,U14>0,W14>0,AH14="是"),"《审判》",IF(AND(AA14>0,P14>=5,V14>0),"《第二位圣女》",IF(AND(O14>=7,S14>=1,U14=0,P14<=4,OR(Q14>=4,Z14>0)),"《继续前行》","《逃避》")))))) -> 《第二位圣女》 | AE14: 《第二位圣女》 | AF14: =IF(AD14=AE14,"PASS","CHECK") -> PASS | AG14: 亲自公开账簿并佩印，但追捕未达到死亡线 | AH14: =IF(AND(O14<=0,T14>=2,U14=1),"是","否") -> 否 | AI14: =IF(AND(OR(C14="",COUNTIF('07数值索引'!$A$5:$A$80,C14)=1),OR(D14="",COUNTIF('07数值索引'!$A$5:$A$80,D14)=1),OR(E14="",COUNTIF('07数值索引'!$A$5:$A$80,E14)=1),OR(F14="",COUNTIF('07数值索引'!$A$5:$A$80,F14)=1),OR(G14="",COUNTIF('07数值索引'!$A$5:$A$80,G14)=1),OR(H14="",COUNTIF('07数值索引'!$A$5:$A$80,H14)=1),OR(I14="",COUNTIF('07数值索引'!$A$5:$A$80,I14)=1),OR(J14="",COUNTIF('07数值索引'!$A$5:$A$80,J14)=1),OR(K14="",COUNTIF('07数值索引'!$A$5:$A$80,K14)=1),OR(L14="",COUNTIF('07数值索引'!$A$5:$A$80,L14)=1),OR(M14="",COUNTIF('07数值索引'!$A$5:$A$80,M14)=1),OR(N14="",COUNTIF('07数值索引'!$A$5:$A$80,N14)=1)),"PASS","CHECK") -> PASS | AJ14: =IFERROR(VLOOKUP(A14,'08A前置合法性'!$X$5:$Z$20,3,FALSE),"CHECK") -> PASS | AK14: =IF(AND(AF14="PASS",AI14="PASS",AJ14="PASS"),"PASS","CHECK") -> PASS
A15: R11 | B15: 证人之死—接头人交接 | C15: SYS-START | D15: S01-O03 | E15: S02-O02 | F15: C-S03-O-I-R | G15: S04-A03 | H15: S04-B01 | I15: K-LDG-REB | J15: K-LTR-REB | K15: K-SLV-VIC | L15: K-SEAL-DEST | M15: SYS-WEI-MID | N15: ACT-PROTECT | O15: =0+SUMIF('07数值索引'!$A$5:$A$80,C15,'07数值索引'!$D$5:$D$80)+SUMIF('07数值索引'!$A$5:$A$80,D15,'07数值索引'!$D$5:$D$80)+SUMIF('07数值索引'!$A$5:$A$80,E15,'07数值索引'!$D$5:$D$80)+SUMIF('07数值索引'!$A$5:$A$80,F15,'07数值索引'!$D$5:$D$80)+SUMIF('07数值索引'!$A$5:$A$80,G15,'07数值索引'!$D$5:$D$80)+SUMIF('07数值索引'!$A$5:$A$80,H15,'07数值索引'!$D$5:$D$80)+SUMIF('07数值索引'!$A$5:$A$80,I15,'07数值索引'!$D$5:$D$80)+SUMIF('07数值索引'!$A$5:$A$80,J15,'07数值索引'!$D$5:$D$80)+SUMIF('07数值索引'!$A$5:$A$80,K15,'07数值索引'!$D$5:$D$80)+SUMIF('07数值索引'!$A$5:$A$80,L15,'07数值索引'!$D$5:$D$80)+SUMIF('07数值索引'!$A$5:$A$80,M15,'07数值索引'!$D$5:$D$80)+SUMIF('07数值索引'!$A$5:$A$80,N15,'07数值索引'!$D$5:$D$80) -> 15 | P15: =0+SUMIF('07数值索引'!$A$5:$A$80,C15,'07数值索引'!$E$5:$E$80)+SUMIF('07数值索引'!$A$5:$A$80,D15,'07数值索引'!$E$5:$E$80)+SUMIF('07数值索引'!$A$5:$A$80,E15,'07数值索引'!$E$5:$E$80)+SUMIF('07数值索引'!$A$5:$A$80,F15,'07数值索引'!$E$5:$E$80)+SUMIF('07数值索引'!$A$5:$A$80,G15,'07数值索引'!$E$5:$E$80)+SUMIF('07数值索引'!$A$5:$A$80,H15,'07数值索引'!$E$5:$E$80)+SUMIF('07数值索引'!$A$5:$A$80,I15,'07数值索引'!$E$5:$E$80)+SUMIF('07数值索引'!$A$5:$A$80,J15,'07数值索引'!$E$5:$E$80)+SUMIF('07数值索引'!$A$5:$A$80,K15,'07数值索引'!$E$5:$E$80)+SUMIF('07数值索引'!$A$5:$A$80,L15,'07数值索引'!$E$5:$E$80)+SUMIF('07数值索引'!$A$5:$A$80,M15,'07数值索引'!$E$5:$E$80)+SUMIF('07数值索引'!$A$5:$A$80,N15,'07数值索引'!$E$5:$E$80) -> -1 | Q15: =0+SUMIF('07数值索引'!$A$5:$A$80,C15,'07数值索引'!$F$5:$F$80)+SUMIF('07数值索引'!$A$5:$A$80,D15,'07数值索引'!$F$5:$F$80)+SUMIF('07数值索引'!$A$5:$A$80,E15,'07数值索引'!$F$5:$F$80)+SUMIF('07数值索引'!$A$5:$A$80,F15,'07数值索引'!$F$5:$F$80)+SUMIF('07数值索引'!$A$5:$A$80,G15,'07数值索引'!$F$5:$F$80)+SUMIF('07数值索引'!$A$5:$A$80,H15,'07数值索引'!$F$5:$F$80)+SUMIF('07数值索引'!$A$5:$A$80,I15,'07数值索引'!$F$5:$F$80)+SUMIF('07数值索引'!$A$5:$A$80,J15,'07数值索引'!$F$5:$F$80)+SUMIF('07数值索引'!$A$5:$A$80,K15,'07数值索引'!$F$5:$F$80)+SUMIF('07数值索引'!$A$5:$A$80,L15,'07数值索引'!$F$5:$F$80)+SUMIF('07数值索引'!$A$5:$A$80,M15,'07数值索引'!$F$5:$F$80)+SUMIF('07数值索引'!$A$5:$A$80,N15,'07数值索引'!$F$5:$F$80) -> 7 | R15: =0+SUMIF('07数值索引'!$A$5:$A$80,C15,'07数值索引'!$G$5:$G$80)+SUMIF('07数值索引'!$A$5:$A$80,D15,'07数值索引'!$G$5:$G$80)+SUMIF('07数值索引'!$A$5:$A$80,E15,'07数值索引'!$G$5:$G$80)+SUMIF('07数值索引'!$A$5:$A$80,F15,'07数值索引'!$G$5:$G$80)+SUMIF('07数值索引'!$A$5:$A$80,G15,'07数值索引'!$G$5:$G$80)+SUMIF('07数值索引'!$A$5:$A$80,H15,'07数值索引'!$G$5:$G$80)+SUMIF('07数值索引'!$A$5:$A$80,I15,'07数值索引'!$G$5:$G$80)+SUMIF('07数值索引'!$A$5:$A$80,J15,'07数值索引'!$G$5:$G$80)+SUMIF('07数值索引'!$A$5:$A$80,K15,'07数值索引'!$G$5:$G$80)+SUMIF('07数值索引'!$A$5:$A$80,L15,'07数值索引'!$G$5:$G$80)+SUMIF('07数值索引'!$A$5:$A$80,M15,'07数值索引'!$G$5:$G$80)+SUMIF('07数值索引'!$A$5:$A$80,N15,'07数值索引'!$G$5:$G$80) -> 6 | S15: =0+SUMIF('07数值索引'!$A$5:$A$80,C15,'07数值索引'!$H$5:$H$80)+SUMIF('07数值索引'!$A$5:$A$80,D15,'07数值索引'!$H$5:$H$80)+SUMIF('07数值索引'!$A$5:$A$80,E15,'07数值索引'!$H$5:$H$80)+SUMIF('07数值索引'!$A$5:$A$80,F15,'07数值索引'!$H$5:$H$80)+SUMIF('07数值索引'!$A$5:$A$80,G15,'07数值索引'!$H$5:$H$80)+SUMIF('07数值索引'!$A$5:$A$80,H15,'07数值索引'!$H$5:$H$80)+SUMIF('07数值索引'!$A$5:$A$80,I15,'07数值索引'!$H$5:$H$80)+SUMIF('07数值索引'!$A$5:$A$80,J15,'07数值索引'!$H$5:$H$80)+SUMIF('07数值索引'!$A$5:$A$80,K15,'07数值索引'!$H$5:$H$80)+SUMIF('07数值索引'!$A$5:$A$80,L15,'07数值索引'!$H$5:$H$80)+SUMIF('07数值索引'!$A$5:$A$80,M15,'07数值索引'!$H$5:$H$80)+SUMIF('07数值索引'!$A$5:$A$80,N15,'07数值索引'!$H$5:$H$80) -> 2 | T15: =0+SUMIF('07数值索引'!$A$5:$A$80,C15,'07数值索引'!$I$5:$I$80)+SUMIF('07数值索引'!$A$5:$A$80,D15,'07数值索引'!$I$5:$I$80)+SUMIF('07数值索引'!$A$5:$A$80,E15,'07数值索引'!$I$5:$I$80)+SUMIF('07数值索引'!$A$5:$A$80,F15,'07数值索引'!$I$5:$I$80)+SUMIF('07数值索引'!$A$5:$A$80,G15,'07数值索引'!$I$5:$I$80)+SUMIF('07数值索引'!$A$5:$A$80,H15,'07数值索引'!$I$5:$I$80)+SUMIF('07数值索引'!$A$5:$A$80,I15,'07数值索引'!$I$5:$I$80)+SUMIF('07数值索引'!$A$5:$A$80,J15,'07数值索引'!$I$5:$I$80)+SUMIF('07数值索引'!$A$5:$A$80,K15,'07数值索引'!$I$5:$I$80)+SUMIF('07数值索引'!$A$5:$A$80,L15,'07数值索引'!$I$5:$I$80)+SUMIF('07数值索引'!$A$5:$A$80,M15,'07数值索引'!$I$5:$I$80)+SUMIF('07数值索引'!$A$5:$A$80,N15,'07数值索引'!$I$5:$I$80) -> 0 | U15: =0+SUMIF('07数值索引'!$A$5:$A$80,C15,'07数值索引'!$J$5:$J$80)+SUMIF('07数值索引'!$A$5:$A$80,D15,'07数值索引'!$J$5:$J$80)+SUMIF('07数值索引'!$A$5:$A$80,E15,'07数值索引'!$J$5:$J$80)+SUMIF('07数值索引'!$A$5:$A$80,F15,'07数值索引'!$J$5:$J$80)+SUMIF('07数值索引'!$A$5:$A$80,G15,'07数值索引'!$J$5:$J$80)+SUMIF('07数值索引'!$A$5:$A$80,H15,'07数值索引'!$J$5:$J$80)+SUMIF('07数值索引'!$A$5:$A$80,I15,'07数值索引'!$J$5:$J$80)+SUMIF('07数值索引'!$A$5:$A$80,J15,'07数值索引'!$J$5:$J$80)+SUMIF('07数值索引'!$A$5:$A$80,K15,'07数值索引'!$J$5:$J$80)+SUMIF('07数值索引'!$A$5:$A$80,L15,'07数值索引'!$J$5:$J$80)+SUMIF('07数值索引'!$A$5:$A$80,M15,'07数值索引'!$J$5:$J$80)+SUMIF('07数值索引'!$A$5:$A$80,N15,'07数值索引'!$J$5:$J$80) -> 0 | V15: =0+SUMIF('07数值索引'!$A$5:$A$80,C15,'07数值索引'!$K$5:$K$80)+SUMIF('07数值索引'!$A$5:$A$80,D15,'07数值索引'!$K$5:$K$80)+SUMIF('07数值索引'!$A$5:$A$80,E15,'07数值索引'!$K$5:$K$80)+SUMIF('07数值索引'!$A$5:$A$80,F15,'07数值索引'!$K$5:$K$80)+SUMIF('07数值索引'!$A$5:$A$80,G15,'07数值索引'!$K$5:$K$80)+SUMIF('07数值索引'!$A$5:$A$80,H15,'07数值索引'!$K$5:$K$80)+SUMIF('07数值索引'!$A$5:$A$80,I15,'07数值索引'!$K$5:$K$80)+SUMIF('07数值索引'!$A$5:$A$80,J15,'07数值索引'!$K$5:$K$80)+SUMIF('07数值索引'!$A$5:$A$80,K15,'07数值索引'!$K$5:$K$80)+SUMIF('07数值索引'!$A$5:$A$80,L15,'07数值索引'!$K$5:$K$80)+SUMIF('07数值索引'!$A$5:$A$80,M15,'07数值索引'!$K$5:$K$80)+SUMIF('07数值索引'!$A$5:$A$80,N15,'07数值索引'!$K$5:$K$80) -> 0 | W15: =0+SUMIF('07数值索引'!$A$5:$A$80,C15,'07数值索引'!$L$5:$L$80)+SUMIF('07数值索引'!$A$5:$A$80,D15,'07数值索引'!$L$5:$L$80)+SUMIF('07数值索引'!$A$5:$A$80,E15,'07数值索引'!$L$5:$L$80)+SUMIF('07数值索引'!$A$5:$A$80,F15,'07数值索引'!$L$5:$L$80)+SUMIF('07数值索引'!$A$5:$A$80,G15,'07数值索引'!$L$5:$L$80)+SUMIF('07数值索引'!$A$5:$A$80,H15,'07数值索引'!$L$5:$L$80)+SUMIF('07数值索引'!$A$5:$A$80,I15,'07数值索引'!$L$5:$L$80)+SUMIF('07数值索引'!$A$5:$A$80,J15,'07数值索引'!$L$5:$L$80)+SUMIF('07数值索引'!$A$5:$A$80,K15,'07数值索引'!$L$5:$L$80)+SUMIF('07数值索引'!$A$5:$A$80,L15,'07数值索引'!$L$5:$L$80)+SUMIF('07数值索引'!$A$5:$A$80,M15,'07数值索引'!$L$5:$L$80)+SUMIF('07数值索引'!$A$5:$A$80,N15,'07数值索引'!$L$5:$L$80) -> 0 | X15: =0+SUMIF('07数值索引'!$A$5:$A$80,C15,'07数值索引'!$M$5:$M$80)+SUMIF('07数值索引'!$A$5:$A$80,D15,'07数值索引'!$M$5:$M$80)+SUMIF('07数值索引'!$A$5:$A$80,E15,'07数值索引'!$M$5:$M$80)+SUMIF('07数值索引'!$A$5:$A$80,F15,'07数值索引'!$M$5:$M$80)+SUMIF('07数值索引'!$A$5:$A$80,G15,'07数值索引'!$M$5:$M$80)+SUMIF('07数值索引'!$A$5:$A$80,H15,'07数值索引'!$M$5:$M$80)+SUMIF('07数值索引'!$A$5:$A$80,I15,'07数值索引'!$M$5:$M$80)+SUMIF('07数值索引'!$A$5:$A$80,J15,'07数值索引'!$M$5:$M$80)+SUMIF('07数值索引'!$A$5:$A$80,K15,'07数值索引'!$M$5:$M$80)+SUMIF('07数值索引'!$A$5:$A$80,L15,'07数值索引'!$M$5:$M$80)+SUMIF('07数值索引'!$A$5:$A$80,M15,'07数值索引'!$M$5:$M$80)+SUMIF('07数值索引'!$A$5:$A$80,N15,'07数值索引'!$M$5:$M$80) -> 3 | Y15: =0+SUMIF('07数值索引'!$A$5:$A$80,C15,'07数值索引'!$N$5:$N$80)+SUMIF('07数值索引'!$A$5:$A$80,D15,'07数值索引'!$N$5:$N$80)+SUMIF('07数值索引'!$A$5:$A$80,E15,'07数值索引'!$N$5:$N$80)+SUMIF('07数值索引'!$A$5:$A$80,F15,'07数值索引'!$N$5:$N$80)+SUMIF('07数值索引'!$A$5:$A$80,G15,'07数值索引'!$N$5:$N$80)+SUMIF('07数值索引'!$A$5:$A$80,H15,'07数值索引'!$N$5:$N$80)+SUMIF('07数值索引'!$A$5:$A$80,I15,'07数值索引'!$N$5:$N$80)+SUMIF('07数值索引'!$A$5:$A$80,J15,'07数值索引'!$N$5:$N$80)+SUMIF('07数值索引'!$A$5:$A$80,K15,'07数值索引'!$N$5:$N$80)+SUMIF('07数值索引'!$A$5:$A$80,L15,'07数值索引'!$N$5:$N$80)+SUMIF('07数值索引'!$A$5:$A$80,M15,'07数值索引'!$N$5:$N$80)+SUMIF('07数值索引'!$A$5:$A$80,N15,'07数值索引'!$N$5:$N$80) -> 1 | Z15: =0+SUMIF('07数值索引'!$A$5:$A$80,C15,'07数值索引'!$O$5:$O$80)+SUMIF('07数值索引'!$A$5:$A$80,D15,'07数值索引'!$O$5:$O$80)+SUMIF('07数值索引'!$A$5:$A$80,E15,'07数值索引'!$O$5:$O$80)+SUMIF('07数值索引'!$A$5:$A$80,F15,'07数值索引'!$O$5:$O$80)+SUMIF('07数值索引'!$A$5:$A$80,G15,'07数值索引'!$O$5:$O$80)+SUMIF('07数值索引'!$A$5:$A$80,H15,'07数值索引'!$O$5:$O$80)+SUMIF('07数值索引'!$A$5:$A$80,I15,'07数值索引'!$O$5:$O$80)+SUMIF('07数值索引'!$A$5:$A$80,J15,'07数值索引'!$O$5:$O$80)+SUMIF('07数值索引'!$A$5:$A$80,K15,'07数值索引'!$O$5:$O$80)+SUMIF('07数值索引'!$A$5:$A$80,L15,'07数值索引'!$O$5:$O$80)+SUMIF('07数值索引'!$A$5:$A$80,M15,'07数值索引'!$O$5:$O$80)+SUMIF('07数值索引'!$A$5:$A$80,N15,'07数值索引'!$O$5:$O$80) -> 0 | AA15: =0+SUMIF('07数值索引'!$A$5:$A$80,C15,'07数值索引'!$P$5:$P$80)+SUMIF('07数值索引'!$A$5:$A$80,D15,'07数值索引'!$P$5:$P$80)+SUMIF('07数值索引'!$A$5:$A$80,E15,'07数值索引'!$P$5:$P$80)+SUMIF('07数值索引'!$A$5:$A$80,F15,'07数值索引'!$P$5:$P$80)+SUMIF('07数值索引'!$A$5:$A$80,G15,'07数值索引'!$P$5:$P$80)+SUMIF('07数值索引'!$A$5:$A$80,H15,'07数值索引'!$P$5:$P$80)+SUMIF('07数值索引'!$A$5:$A$80,I15,'07数值索引'!$P$5:$P$80)+SUMIF('07数值索引'!$A$5:$A$80,J15,'07数值索引'!$P$5:$P$80)+SUMIF('07数值索引'!$A$5:$A$80,K15,'07数值索引'!$P$5:$P$80)+SUMIF('07数值索引'!$A$5:$A$80,L15,'07数值索引'!$P$5:$P$80)+SUMIF('07数值索引'!$A$5:$A$80,M15,'07数值索引'!$P$5:$P$80)+SUMIF('07数值索引'!$A$5:$A$80,N15,'07数值索引'!$P$5:$P$80) -> 0 | AB15: =0+SUMIF('07数值索引'!$A$5:$A$80,C15,'07数值索引'!$Q$5:$Q$80)+SUMIF('07数值索引'!$A$5:$A$80,D15,'07数值索引'!$Q$5:$Q$80)+SUMIF('07数值索引'!$A$5:$A$80,E15,'07数值索引'!$Q$5:$Q$80)+SUMIF('07数值索引'!$A$5:$A$80,F15,'07数值索引'!$Q$5:$Q$80)+SUMIF('07数值索引'!$A$5:$A$80,G15,'07数值索引'!$Q$5:$Q$80)+SUMIF('07数值索引'!$A$5:$A$80,H15,'07数值索引'!$Q$5:$Q$80)+SUMIF('07数值索引'!$A$5:$A$80,I15,'07数值索引'!$Q$5:$Q$80)+SUMIF('07数值索引'!$A$5:$A$80,J15,'07数值索引'!$Q$5:$Q$80)+SUMIF('07数值索引'!$A$5:$A$80,K15,'07数值索引'!$Q$5:$Q$80)+SUMIF('07数值索引'!$A$5:$A$80,L15,'07数值索引'!$Q$5:$Q$80)+SUMIF('07数值索引'!$A$5:$A$80,M15,'07数值索引'!$Q$5:$Q$80)+SUMIF('07数值索引'!$A$5:$A$80,N15,'07数值索引'!$Q$5:$Q$80) -> 0 | AC15: =0+SUMIF('07数值索引'!$A$5:$A$80,C15,'07数值索引'!$R$5:$R$80)+SUMIF('07数值索引'!$A$5:$A$80,D15,'07数值索引'!$R$5:$R$80)+SUMIF('07数值索引'!$A$5:$A$80,E15,'07数值索引'!$R$5:$R$80)+SUMIF('07数值索引'!$A$5:$A$80,F15,'07数值索引'!$R$5:$R$80)+SUMIF('07数值索引'!$A$5:$A$80,G15,'07数值索引'!$R$5:$R$80)+SUMIF('07数值索引'!$A$5:$A$80,H15,'07数值索引'!$R$5:$R$80)+SUMIF('07数值索引'!$A$5:$A$80,I15,'07数值索引'!$R$5:$R$80)+SUMIF('07数值索引'!$A$5:$A$80,J15,'07数值索引'!$R$5:$R$80)+SUMIF('07数值索引'!$A$5:$A$80,K15,'07数值索引'!$R$5:$R$80)+SUMIF('07数值索引'!$A$5:$A$80,L15,'07数值索引'!$R$5:$R$80)+SUMIF('07数值索引'!$A$5:$A$80,M15,'07数值索引'!$R$5:$R$80)+SUMIF('07数值索引'!$A$5:$A$80,N15,'07数值索引'!$R$5:$R$80) -> 0 | AD15: =IF(AC15>0,"《无名尸体》",IF(AND(Y15>0,R15>=6),"《证人之死》",IF(AND(AA15>0,R15>=8),"《最后一次神迹》",IF(AND(AB15>0,Q15<=-3,T15>=2,U15>0,W15>0,AH15="是"),"《审判》",IF(AND(AA15>0,P15>=5,V15>0),"《第二位圣女》",IF(AND(O15>=7,S15>=1,U15=0,P15<=4,OR(Q15>=4,Z15>0)),"《继续前行》","《逃避》")))))) -> 《证人之死》 | AE15: 《证人之死》 | AF15: =IF(AD15=AE15,"PASS","CHECK") -> PASS | AG15: 确保接头人带证据离开后留下拖延 | AH15: =IF(AND(O15<=0,T15>=2,U15=1),"是","否") -> 否 | AI15: =IF(AND(OR(C15="",COUNTIF('07数值索引'!$A$5:$A$80,C15)=1),OR(D15="",COUNTIF('07数值索引'!$A$5:$A$80,D15)=1),OR(E15="",COUNTIF('07数值索引'!$A$5:$A$80,E15)=1),OR(F15="",COUNTIF('07数值索引'!$A$5:$A$80,F15)=1),OR(G15="",COUNTIF('07数值索引'!$A$5:$A$80,G15)=1),OR(H15="",COUNTIF('07数值索引'!$A$5:$A$80,H15)=1),OR(I15="",COUNTIF('07数值索引'!$A$5:$A$80,I15)=1),OR(J15="",COUNTIF('07数值索引'!$A$5:$A$80,J15)=1),OR(K15="",COUNTIF('07数值索引'!$A$5:$A$80,K15)=1),OR(L15="",COUNTIF('07数值索引'!$A$5:$A$80,L15)=1),OR(M15="",COUNTIF('07数值索引'!$A$5:$A$80,M15)=1),OR(N15="",COUNTIF('07数值索引'!$A$5:$A$80,N15)=1)),"PASS","CHECK") -> PASS | AJ15: =IFERROR(VLOOKUP(A15,'08A前置合法性'!$X$5:$Z$20,3,FALSE),"CHECK") -> PASS | AK15: =IF(AND(AF15="PASS",AI15="PASS",AJ15="PASS"),"PASS","CHECK") -> PASS

Sheet 08A前置合法性
A1: 08A｜逐步前置合法性检查
A2: 每一步先计算执行前状态，再检查接头暗号、阿禾接受条件、佩印和弃责条件。结局数值正确但前置失败时，总测试仍为CHECK。
A4: 路线ID | B4: 步骤 | C4: 事件ID | D4: 事件说明 | E4: 前承担 | F4: 前依赖 | G4: 前信任 | H4: 前追捕 | I4: 前接头线索 | J4: 前证据送出 | K4: 前证据私藏 | L4: 前带走银票 | M4: 前置条件 | N4: 合法性 | O4: Δ承担 | P4: Δ依赖 | Q4: Δ信任 | R4: Δ追捕 | S4: Δ接头 | T4: Δ送出 | U4: Δ私藏 | V4: Δ银票 | X4: 路线ID | Y4: 路线名称 | Z4: 前置总检
A5: R01 | B5: 1 | C5: SYS-START | D5: =IFERROR(VLOOKUP(C5,'07数值索引'!$A$5:$S$80,19,FALSE),"未找到事件") -> 阿禾因救人而保留最低限度善意；追兵已在沿河搜索 | E5: =0 -> 0 | F5: =0 -> 0 | G5: =0 -> 0 | H5: =0 -> 0 | I5: =0 -> 0 | J5: =0 -> 0 | K5: =0 -> 0 | L5: =0 -> 0 | M5: 无额外前置 | N5: =IF(COUNTIF('07数值索引'!$A$5:$A$80,C5)=1,"PASS","CHECK") -> PASS | O5: =SUMIF('07数值索引'!$A$5:$A$80,C5,'07数值索引'!$D$5:$D$80) -> 0 | P5: =SUMIF('07数值索引'!$A$5:$A$80,C5,'07数值索引'!$E$5:$E$80) -> 0 | Q5: =SUMIF('07数值索引'!$A$5:$A$80,C5,'07数值索引'!$F$5:$F$80) -> 1 | R5: =SUMIF('07数值索引'!$A$5:$A$80,C5,'07数值索引'!$G$5:$G$80) -> 1 | S5: =SUMIF('07数值索引'!$A$5:$A$80,C5,'07数值索引'!$M$5:$M$80) -> 0 | T5: =SUMIF('07数值索引'!$A$5:$A$80,C5,'07数值索引'!$H$5:$H$80) -> 0 | U5: =SUMIF('07数值索引'!$A$5:$A$80,C5,'07数值索引'!$I$5:$I$80) -> 0 | V5: =SUMIF('07数值索引'!$A$5:$A$80,C5,'07数值索引'!$J$5:$J$80) -> 0 | X5: R01 | Y5: 继续前行—阿禾高信任同行 | Z5: =IF(COUNTIFS($A$5:$A$128,X5,$N$5:$N$128,"CHECK")=0,"PASS","CHECK") -> PASS
A6: R01 | B6: 2 | C6: S01-O01 | D6: =IFERROR(VLOOKUP(C6,'07数值索引'!$A$5:$S$80,19,FALSE),"未找到事件") -> 坦白不知道来历，也不想连累阿禾 | E6: =SUMIFS($O$5:O5,$A$5:$A5,A6) -> 0 | F6: =SUMIFS($P$5:P5,$A$5:$A5,A6) -> 0 | G6: =SUMIFS($Q$5:Q5,$A$5:$A5,A6) -> 1 | H6: =SUMIFS($R$5:R5,$A$5:$A5,A6) -> 1 | I6: =SUMIFS($S$5:S5,$A$5:$A5,A6) -> 0 | J6: =SUMIFS($T$5:T5,$A$5:$A5,A6) -> 0 | K6: =SUMIFS($U$5:U5,$A$5:$A5,A6) -> 0 | L6: =SUMIFS($V$5:V5,$A$5:$A5,A6) -> 0 | M6: 无额外前置 | N6: =IF(COUNTIF('07数值索引'!$A$5:$A$80,C6)=1,"PASS","CHECK") -> PASS | O6: =SUMIF('07数值索引'!$A$5:$A$80,C6,'07数值索引'!$D$5:$D$80) -> 0 | P6: =SUMIF('07数值索引'!$A$5:$A$80,C6,'07数值索引'!$E$5:$E$80) -> 0 | Q6: =SUMIF('07数值索引'!$A$5:$A$80,C6,'07数值索引'!$F$5:$F$80) -> 1 | R6: =SUMIF('07数值索引'!$A$5:$A$80,C6,'07数值索引'!$G$5:$G$80) -> 0 | S6: =SUMIF('07数值索引'!$A$5:$A$80,C6,'07数值索引'!$M$5:$M$80) -> 0 | T6: =SUMIF('07数值索引'!$A$5:$A$80,C6,'07数值索引'!$H$5:$H$80) -> 0 | U6: =SUMIF('07数值索引'!$A$5:$A$80,C6,'07数值索引'!$I$5:$I$80) -> 0 | V6: =SUMIF('07数值索引'!$A$5:$A$80,C6,'07数值索引'!$J$5:$J$80) -> 0 | X6: R02 | Y6: 继续前行—接头人独行 | Z6: =IF(COUNTIFS($A$5:$A$128,X6,$N$5:$N$128,"CHECK")=0,"PASS","CHECK") -> PASS
A7: R01 | B7: 3 | C7: S02-O01 | D7: =IFERROR(VLOOKUP(C7,'07数值索引'!$A$5:$S$80,19,FALSE),"未找到事件") -> 要求沈婆起身并否认身份 | E7: =SUMIFS($O$5:O6,$A$5:$A6,A7) -> 0 | F7: =SUMIFS($P$5:P6,$A$5:$A6,A7) -> 0 | G7: =SUMIFS($Q$5:Q6,$A$5:$A6,A7) -> 2 | H7: =SUMIFS($R$5:R6,$A$5:$A6,A7) -> 1 | I7: =SUMIFS($S$5:S6,$A$5:$A6,A7) -> 0 | J7: =SUMIFS($T$5:T6,$A$5:$A6,A7) -> 0 | K7: =SUMIFS($U$5:U6,$A$5:$A6,A7) -> 0 | L7: =SUMIFS($V$5:V6,$A$5:$A6,A7) -> 0 | M7: 无额外前置 | N7: =IF(COUNTIF('07数值索引'!$A$5:$A$80,C7)=1,"PASS","CHECK") -> PASS | O7: =SUMIF('07数值索引'!$A$5:$A$80,C7,'07数值索引'!$D$5:$D$80) -> 0 | P7: =SUMIF('07数值索引'!$A$5:$A$80,C7,'07数值索引'!$E$5:$E$80) -> 0 | Q7: =SUMIF('07数值索引'!$A$5:$A$80,C7,'07数值索引'!$F$5:$F$80) -> 1 | R7: =SUMIF('07数值索引'!$A$5:$A$80,C7,'07数值索引'!$G$5:$G$80) -> 0 | S7: =SUMIF('07数值索引'!$A$5:$A$80,C7,'07数值索引'!$M$5:$M$80) -> 0 | T7: =SUMIF('07数值索引'!$A$5:$A$80,C7,'07数值索引'!$H$5:$H$80) -> 0 | U7: =SUMIF('07数值索引'!$A$5:$A$80,C7,'07数值索引'!$I$5:$I$80) -> 0 | V7: =SUMIF('07数值索引'!$A$5:$A$80,C7,'07数值索引'!$J$5:$J$80) -> 0 | X7: R03 | Y7: 第二位圣女—阿禾中信任离开 | Z7: =IF(COUNTIFS($A$5:$A$128,X7,$N$5:$N$128,"CHECK")=0,"PASS","CHECK") -> PASS
A8: R01 | B8: 4 | C8: C-S03-A-F-R | D8: =IFERROR(VLOOKUP(C8,'07数值索引'!$A$5:$S$80,19,FALSE),"未找到事件") -> 两人先救伤者和孩子；骚乱暂缓，但无法解决整体饥荒 | E8: =SUMIFS($O$5:O7,$A$5:$A7,A8) -> 0 | F8: =SUMIFS($P$5:P7,$A$5:$A7,A8) -> 0 | G8: =SUMIFS($Q$5:Q7,$A$5:$A7,A8) -> 3 | H8: =SUMIFS($R$5:R7,$A$5:$A7,A8) -> 1 | I8: =SUMIFS($S$5:S7,$A$5:$A7,A8) -> 0 | J8: =SUMIFS($T$5:T7,$A$5:$A7,A8) -> 0 | K8: =SUMIFS($U$5:U7,$A$5:$A7,A8) -> 0 | L8: =SUMIFS($V$5:V7,$A$5:$A7,A8) -> 0 | M8: 无额外前置 | N8: =IF(COUNTIF('07数值索引'!$A$5:$A$80,C8)=1,"PASS","CHECK") -> PASS | O8: =SUMIF('07数值索引'!$A$5:$A$80,C8,'07数值索引'!$D$5:$D$80) -> 1 | P8: =SUMIF('07数值索引'!$A$5:$A$80,C8,'07数值索引'!$E$5:$E$80) -> 0 | Q8: =SUMIF('07数值索引'!$A$5:$A$80,C8,'07数值索引'!$F$5:$F$80) -> 1 | R8: =SUMIF('07数值索引'!$A$5:$A$80,C8,'07数值索引'!$G$5:$G$80) -> 0 | S8: =SUMIF('07数值索引'!$A$5:$A$80,C8,'07数值索引'!$M$5:$M$80) -> 0 | T8: =SUMIF('07数值索引'!$A$5:$A$80,C8,'07数值索引'!$H$5:$H$80) -> 0 | U8: =SUMIF('07数值索引'!$A$5:$A$80,C8,'07数值索引'!$I$5:$I$80) -> 0 | V8: =SUMIF('07数值索引'!$A$5:$A$80,C8,'07数值索引'!$J$5:$J$80) -> 0 | X8: R04 | Y8: 逃避—自行保留并携款 | Z8: =IF(COUNTIFS($A$5:$A$128,X8,$N$5:$N$128,"CHECK")=0,"PASS","CHECK") -> PASS
A9: R01 | B9: 5 | C9: S04-A04 | D9: =IFERROR(VLOOKUP(C9,'07数值索引'!$A$5:$S$80,19,FALSE),"未找到事件") -> 沉默并交出名单 | E9: =SUMIFS($O$5:O8,$A$5:$A8,A9) -> 1 | F9: =SUMIFS($P$5:P8,$A$5:$A8,A9) -> 0 | G9: =SUMIFS($Q$5:Q8,$A$5:$A8,A9) -> 4 | H9: =SUMIFS($R$5:R8,$A$5:$A8,A9) -> 1 | I9: =SUMIFS($S$5:S8,$A$5:$A8,A9) -> 0 | J9: =SUMIFS($T$5:T8,$A$5:$A8,A9) -> 0 | K9: =SUMIFS($U$5:U8,$A$5:$A8,A9) -> 0 | L9: =SUMIFS($V$5:V8,$A$5:$A8,A9) -> 0 | M9: 无额外前置 | N9: =IF(COUNTIF('07数值索引'!$A$5:$A$80,C9)=1,"PASS","CHECK") -> PASS | O9: =SUMIF('07数值索引'!$A$5:$A$80,C9,'07数值索引'!$D$5:$D$80) -> 2 | P9: =SUMIF('07数值索引'!$A$5:$A$80,C9,'07数值索引'!$E$5:$E$80) -> 0 | Q9: =SUMIF('07数值索引'!$A$5:$A$80,C9,'07数值索引'!$F$5:$F$80) -> 1 | R9: =SUMIF('07数值索引'!$A$5:$A$80,C9,'07数值索引'!$G$5:$G$80) -> 0 | S9: =SUMIF('07数值索引'!$A$5:$A$80,C9,'07数值索引'!$M$5:$M$80) -> 0 | T9: =SUMIF('07数值索引'!$A$5:$A$80,C9,'07数值索引'!$H$5:$H$80) -> 0 | U9: =SUMIF('07数值索引'!$A$5:$A$80,C9,'07数值索引'!$I$5:$I$80) -> 0 | V9: =SUMIF('07数值索引'!$A$5:$A$80,C9,'07数值索引'!$J$5:$J$80) -> 0 | X9: R05 | Y9: 审判—弃责后空包背叛 | Z9: =IF(COUNTIFS($A$5:$A$128,X9,$N$5:$N$128,"CHECK")=0,"PASS","CHECK") -> PASS
A10: R01 | B10: 6 | C10: S04-B01 | D10: =IFERROR(VLOOKUP(C10,'07数值索引'!$A$5:$S$80,19,FALSE),"未找到事件") -> 完整承认由自己提出并下令划名 | E10: =SUMIFS($O$5:O9,$A$5:$A9,A10) -> 3 | F10: =SUMIFS($P$5:P9,$A$5:$A9,A10) -> 0 | G10: =SUMIFS($Q$5:Q9,$A$5:$A9,A10) -> 5 | H10: =SUMIFS($R$5:R9,$A$5:$A9,A10) -> 1 | I10: =SUMIFS($S$5:S9,$A$5:$A9,A10) -> 0 | J10: =SUMIFS($T$5:T9,$A$5:$A9,A10) -> 0 | K10: =SUMIFS($U$5:U9,$A$5:$A9,A10) -> 0 | L10: =SUMIFS($V$5:V9,$A$5:$A9,A10) -> 0 | M10: 无额外前置 | N10: =IF(COUNTIF('07数值索引'!$A$5:$A$80,C10)=1,"PASS","CHECK") -> PASS | O10: =SUMIF('07数值索引'!$A$5:$A$80,C10,'07数值索引'!$D$5:$D$80) -> 3 | P10: =SUMIF('07数值索引'!$A$5:$A$80,C10,'07数值索引'!$E$5:$E$80) -> 0 | Q10: =SUMIF('07数值索引'!$A$5:$A$80,C10,'07数值索引'!$F$5:$F$80) -> 1 | R10: =SUMIF('07数值索引'!$A$5:$A$80,C10,'07数值索引'!$G$5:$G$80) -> 0 | S10: =SUMIF('07数值索引'!$A$5:$A$80,C10,'07数值索引'!$M$5:$M$80) -> 0 | T10: =SUMIF('07数值索引'!$A$5:$A$80,C10,'07数值索引'!$H$5:$H$80) -> 0 | U10: =SUMIF('07数值索引'!$A$5:$A$80,C10,'07数值索引'!$I$5:$I$80) -> 0 | V10: =SUMIF('07数值索引'!$A$5:$A$80,C10,'07数值索引'!$J$5:$J$80) -> 0 | X10: R06 | Y10: 证人之死—阿禾中信任 | Z10: =IF(COUNTIFS($A$5:$A$128,X10,$N$5:$N$128,"CHECK")=0,"PASS","CHECK") -> PASS
A11: R01 | B11: 7 | C11: K-LDG-AHE | D11: =IFERROR(VLOOKUP(C11,'07数值索引'!$A$5:$S$80,19,FALSE),"未找到事件") -> 罪行离开主角控制，由受害者决定如何使用 | E11: =SUMIFS($O$5:O10,$A$5:$A10,A11) -> 6 | F11: =SUMIFS($P$5:P10,$A$5:$A10,A11) -> 0 | G11: =SUMIFS($Q$5:Q10,$A$5:$A10,A11) -> 6 | H11: =SUMIFS($R$5:R10,$A$5:$A10,A11) -> 1 | I11: =SUMIFS($S$5:S10,$A$5:$A10,A11) -> 0 | J11: =SUMIFS($T$5:T10,$A$5:$A10,A11) -> 0 | K11: =SUMIFS($U$5:U10,$A$5:$A10,A11) -> 0 | L11: =SUMIFS($V$5:V10,$A$5:$A10,A11) -> 0 | M11: 前信任≥4；或1—3且此前交出名单/完整承认 | N11: =IF(AND(COUNTIF('07数值索引'!$A$5:$A$80,C11)=1,OR(G11>=4,AND(G11>=1,G11<=3,OR(COUNTIFS($A$5:$A10,A11,$C$5:$C10,"S04-A04")>0,COUNTIFS($A$5:$A10,A11,$C$5:$C10,"S04-B01")>0)))),"PASS","CHECK") -> PASS | O11: =SUMIF('07数值索引'!$A$5:$A$80,C11,'07数值索引'!$D$5:$D$80) -> 2 | P11: =SUMIF('07数值索引'!$A$5:$A$80,C11,'07数值索引'!$E$5:$E$80) -> 0 | Q11: =SUMIF('07数值索引'!$A$5:$A$80,C11,'07数值索引'!$F$5:$F$80) -> 1 | R11: =SUMIF('07数值索引'!$A$5:$A$80,C11,'07数值索引'!$G$5:$G$80) -> 0 | S11: =SUMIF('07数值索引'!$A$5:$A$80,C11,'07数值索引'!$M$5:$M$80) -> 0 | T11: =SUMIF('07数值索引'!$A$5:$A$80,C11,'07数值索引'!$H$5:$H$80) -> 1 | U11: =SUMIF('07数值索引'!$A$5:$A$80,C11,'07数值索引'!$I$5:$I$80) -> 0 | V11: =SUMIF('07数值索引'!$A$5:$A$80,C11,'07数值索引'!$J$5:$J$80) -> 0 | X11: R07 | Y11: 最后一次神迹—亲自公开 | Z11: =IF(COUNTIFS($A$5:$A$128,X11,$N$5:$N$128,"CHECK")=0,"PASS","CHECK") -> PASS
A12: R01 | B12: 8 | C12: K-LTR-AHE | D12: =IFERROR(VLOOKUP(C12,'07数值索引'!$A$5:$S$80,19,FALSE),"未找到事件") -> 在阿禾已接受账簿的前提下，将密函也交由她决定 | E12: =SUMIFS($O$5:O11,$A$5:$A11,A12) -> 8 | F12: =SUMIFS($P$5:P11,$A$5:$A11,A12) -> 0 | G12: =SUMIFS($Q$5:Q11,$A$5:$A11,A12) -> 7 | H12: =SUMIFS($R$5:R11,$A$5:$A11,A12) -> 1 | I12: =SUMIFS($S$5:S11,$A$5:$A11,A12) -> 0 | J12: =SUMIFS($T$5:T11,$A$5:$A11,A12) -> 1 | K12: =SUMIFS($U$5:U11,$A$5:$A11,A12) -> 0 | L12: =SUMIFS($V$5:V11,$A$5:$A11,A12) -> 0 | M12: 此前阿禾已经接受真实账簿 | N12: =IF(AND(COUNTIF('07数值索引'!$A$5:$A$80,C12)=1,COUNTIFS($A$5:$A11,A12,$C$5:$C11,"K-LDG-AHE")>0),"PASS","CHECK") -> PASS | O12: =SUMIF('07数值索引'!$A$5:$A$80,C12,'07数值索引'!$D$5:$D$80) -> 2 | P12: =SUMIF('07数值索引'!$A$5:$A$80,C12,'07数值索引'!$E$5:$E$80) -> 0 | Q12: =SUMIF('07数值索引'!$A$5:$A$80,C12,'07数值索引'!$F$5:$F$80) -> 1 | R12: =SUMIF('07数值索引'!$A$5:$A$80,C12,'07数值索引'!$G$5:$G$80) -> 0 | S12: =SUMIF('07数值索引'!$A$5:$A$80,C12,'07数值索引'!$M$5:$M$80) -> 0 | T12: =SUMIF('07数值索引'!$A$5:$A$80,C12,'07数值索引'!$H$5:$H$80) -> 1 | U12: =SUMIF('07数值索引'!$A$5:$A$80,C12,'07数值索引'!$I$5:$I$80) -> 0 | V12: =SUMIF('07数值索引'!$A$5:$A$80,C12,'07数值索引'!$J$5:$J$80) -> 0 | X12: R08 | Y12: 无名尸体—身份确认前失败 | Z12: =IF(COUNTIFS($A$5:$A$128,X12,$N$5:$N$128,"CHECK")=0,"PASS","CHECK") -> PASS
A13: R01 | B13: 9 | C13: K-SLV-VIC | D13: =IFERROR(VLOOKUP(C13,'07数值索引'!$A$5:$S$80,19,FALSE),"未找到事件") -> 赃款成为迟到的补偿，但不兑换宽恕 | E13: =SUMIFS($O$5:O12,$A$5:$A12,A13) -> 10 | F13: =SUMIFS($P$5:P12,$A$5:$A12,A13) -> 0 | G13: =SUMIFS($Q$5:Q12,$A$5:$A12,A13) -> 8 | H13: =SUMIFS($R$5:R12,$A$5:$A12,A13) -> 1 | I13: =SUMIFS($S$5:S12,$A$5:$A12,A13) -> 0 | J13: =SUMIFS($T$5:T12,$A$5:$A12,A13) -> 2 | K13: =SUMIFS($U$5:U12,$A$5:$A12,A13) -> 0 | L13: =SUMIFS($V$5:V12,$A$5:$A12,A13) -> 0 | M13: 无额外前置 | N13: =IF(COUNTIF('07数值索引'!$A$5:$A$80,C13)=1,"PASS","CHECK") -> PASS | O13: =SUMIF('07数值索引'!$A$5:$A$80,C13,'07数值索引'!$D$5:$D$80) -> 2 | P13: =SUMIF('07数值索引'!$A$5:$A$80,C13,'07数值索引'!$E$5:$E$80) -> 0 | Q13: =SUMIF('07数值索引'!$A$5:$A$80,C13,'07数值索引'!$F$5:$F$80) -> 1 | R13: =SUMIF('07数值索引'!$A$5:$A$80,C13,'07数值索引'!$G$5:$G$80) -> 0 | S13: =SUMIF('07数值索引'!$A$5:$A$80,C13,'07数值索引'!$M$5:$M$80) -> 0 | T13: =SUMIF('07数值索引'!$A$5:$A$80,C13,'07数值索引'!$H$5:$H$80) -> 0 | U13: =SUMIF('07数值索引'!$A$5:$A$80,C13,'07数值索引'!$I$5:$I$80) -> 0 | V13: =SUMIF('07数值索引'!$A$5:$A$80,C13,'07数值索引'!$J$5:$J$80) -> 0 | X13: R09 | Y13: 逃避—已交账簿仍携款 | Z13: =IF(COUNTIFS($A$5:$A$128,X13,$N$5:$N$128,"CHECK")=0,"PASS","CHECK") -> PASS
A14: R01 | B14: 10 | C14: K-SEAL-DEST | D14: =IFERROR(VLOOKUP(C14,'07数值索引'!$A$5:$S$80,19,FALSE),"未找到事件") -> 主动关闭最便利的旧权力入口 | E14: =SUMIFS($O$5:O13,$A$5:$A13,A14) -> 12 | F14: =SUMIFS($P$5:P13,$A$5:$A13,A14) -> 0 | G14: =SUMIFS($Q$5:Q13,$A$5:$A13,A14) -> 9 | H14: =SUMIFS($R$5:R13,$A$5:$A13,A14) -> 1 | I14: =SUMIFS($S$5:S13,$A$5:$A13,A14) -> 0 | J14: =SUMIFS($T$5:T13,$A$5:$A13,A14) -> 2 | K14: =SUMIFS($U$5:U13,$A$5:$A13,A14) -> 0 | L14: =SUMIFS($V$5:V13,$A$5:$A13,A14) -> 0 | M14: 无额外前置 | N14: =IF(COUNTIF('07数值索引'!$A$5:$A$80,C14)=1,"PASS","CHECK") -> PASS | O14: =SUMIF('07数值索引'!$A$5:$A$80,C14,'07数值索引'!$D$5:$D$80) -> 2 | P14: =SUMIF('07数值索引'!$A$5:$A$80,C14,'07数值索引'!$E$5:$E$80) -> -1 | Q14: =SUMIF('07数值索引'!$A$5:$A$80,C14,'07数值索引'!$F$5:$F$80) -> 1 | R14: =SUMIF('07数值索引'!$A$5:$A$80,C14,'07数值索引'!$G$5:$G$80) -> 0 | S14: =SUMIF('07数值索引'!$A$5:$A$80,C14,'07数值索引'!$M$5:$M$80) -> 0 | T14: =SUMIF('07数值索引'!$A$5:$A$80,C14,'07数值索引'!$H$5:$H$80) -> 0 | U14: =SUMIF('07数值索引'!$A$5:$A$80,C14,'07数值索引'!$I$5:$I$80) -> 0 | V14: =SUMIF('07数值索引'!$A$5:$A$80,C14,'07数值索引'!$J$5:$J$80) -> 0 | X14: R10 | Y14: 第二位圣女—低压公开 | Z14: =IF(COUNTIFS($A$5:$A$128,X14,$N$5:$N$128,"CHECK")=0,"PASS","CHECK") -> PASS
A15: R01 | B15: 11 | C15: SYS-WEI | D15: =IFERROR(VLOOKUP(C15,'07数值索引'!$A$5:$S$80,19,FALSE),"未找到事件") -> 魏先进入县城，所有路线固定增加一次追捕压力 | E15: =SUMIFS($O$5:O14,$A$5:$A14,A15) -> 14 | F15: =SUMIFS($P$5:P14,$A$5:$A14,A15) -> -1 | G15: =SUMIFS($Q$5:Q14,$A$5:$A14,A15) -> 10 | H15: =SUMIFS($R$5:R14,$A$5:$A14,A15) -> 1 | I15: =SUMIFS($S$5:S14,$A$5:$A14,A15) -> 0 | J15: =SUMIFS($T$5:T14,$A$5:$A14,A15) -> 2 | K15: =SUMIFS($U$5:U14,$A$5:$A14,A15) -> 0 | L15: =SUMIFS($V$5:V14,$A$5:$A14,A15) -> 0 | M15: 无额外前置 | N15: =IF(COUNTIF('07数值索引'!$A$5:$A$80,C15)=1,"PASS","CHECK") -> PASS | O15: =SUMIF('07数值索引'!$A$5:$A$80,C15,'07数值索引'!$D$5:$D$80) -> 0 | P15: =SUMIF('07数值索引'!$A$5:$A$80,C15,'07数值索引'!$E$5:$E$80) -> 0 | Q15: =SUMIF('07数值索引'!$A$5:$A$80,C15,'07数值索引'!$F$5:$F$80) -> 0 | R15: =SUMIF('07数值索引'!$A$5:$A$80,C15,'07数值索引'!$G$5:$G$80) -> 1 | S15: =SUMIF('07数值索引'!$A$5:$A$80,C15,'07数值索引'!$M$5:$M$80) -> 0 | T15: =SUMIF('07数值索引'!$A$5:$A$80,C15,'07数值索引'!$H$5:$H$80) -> 0 | U15: =SUMIF('07数值索引'!$A$5:$A$80,C15,'07数值索引'!$I$5:$I$80) -> 0 | V15: =SUMIF('07数值索引'!$A$5:$A$80,C15,'07数值索引'!$J$5:$J$80) -> 0 | X15: R11 | Y15: 证人之死—接头人交接 | Z15: =IF(COUNTIFS($A$5:$A$128,X15,$N$5:$N$128,"CHECK")=0,"PASS","CHECK") -> PASS
A16: R01 | B16: 12 | C16: ACT-PROTECT | D16: =IFERROR(VLOOKUP(C16,'07数值索引'!$A$5:$S$80,19,FALSE),"未找到事件") -> 让阿禾带证据先走，阿芸留下拖住追兵 | E16: =SUMIFS($O$5:O15,$A$5:$A15,A16) -> 14 | F16: =SUMIFS($P$5:P15,$A$5:$A15,A16) -> -1 | G16: =SUMIFS($Q$5:Q15,$A$5:$A15,A16) -> 10 | H16: =SUMIFS($R$5:R15,$A$5:$A15,A16) -> 2 | I16: =SUMIFS($S$5:S15,$A$5:$A15,A16) -> 0 | J16: =SUMIFS($T$5:T15,$A$5:$A15,A16) -> 2 | K16: =SUMIFS($U$5:U15,$A$5:$A15,A16) -> 0 | L16: =SUMIFS($V$5:V15,$A$5:$A15,A16) -> 0 | M16: 无额外前置 | N16: =IF(COUNTIF('07数值索引'!$A$5:$A$80,C16)=1,"PASS","CHECK") -> PASS | O16: =SUMIF('07数值索引'!$A$5:$A$80,C16,'07数值索引'!$D$5:$D$80) -> 2 | P16: =SUMIF('07数值索引'!$A$5:$A$80,C16,'07数值索引'!$E$5:$E$80) -> 0 | Q16: =SUMIF('07数值索引'!$A$5:$A$80,C16,'07数值索引'!$F$5:$F$80) -> 2 | R16: =SUMIF('07数值索引'!$A$5:$A$80,C16,'07数值索引'!$G$5:$G$80) -> 3 | S16: =SUMIF('07数值索引'!$A$5:$A$80,C16,'07数值索引'!$M$5:$M$80) -> 0 | T16: =SUMIF('07数值索引'!$A$5:$A$80,C16,'07数值索引'!$H$5:$H$80) -> 0 | U16: =SUMIF('07数值索引'!$A$5:$A$80,C16,'07数值索引'!$I$5:$I$80) -> 0 | V16: =SUMIF('07数值索引'!$A$5:$A$80,C16,'07数值索引'!$J$5:$J$80) -> 0
A17: R02 | B17: 1 | C17: SYS-START | D17: =IFERROR(VLOOKUP(C17,'07数值索引'!$A$5:$S$80,19,FALSE),"未找到事件") -> 阿禾因救人而保留最低限度善意；追兵已在沿河搜索 | E17: =0 -> 0 | F17: =0 -> 0 | G17: =0 -> 0 | H17: =0 -> 0 | I17: =0 -> 0 | J17: =0 -> 0 | K17: =0 -> 0 | L17: =0 -> 0 | M17: 无额外前置 | N17: =IF(COUNTIF('07数值索引'!$A$5:$A$80,C17)=1,"PASS","CHECK") -> PASS | O17: =SUMIF('07数值索引'!$A$5:$A$80,C17,'07数值索引'!$D$5:$D$80) -> 0 | P17: =SUMIF('07数值索引'!$A$5:$A$80,C17,'07数值索引'!$E$5:$E$80) -> 0 | Q17: =SUMIF('07数值索引'!$A$5:$A$80,C17,'07数值索引'!$F$5:$F$80) -> 1 | R17: =SUMIF('07数值索引'!$A$5:$A$80,C17,'07数值索引'!$G$5:$G$80) -> 1 | S17: =SUMIF('07数值索引'!$A$5:$A$80,C17,'07数值索引'!$M$5:$M$80) -> 0 | T17: =SUMIF('07数值索引'!$A$5:$A$80,C17,'07数值索引'!$H$5:$H$80) -> 0 | U17: =SUMIF('07数值索引'!$A$5:$A$80,C17,'07数值索引'!$I$5:$I$80) -> 0 | V17: =SUMIF('07数值索引'!$A$5:$A$80,C17,'07数值索引'!$J$5:$J$80) -> 0
A18: R02 | B18: 2 | C18: S01-O03 | D18: =IFERROR(VLOOKUP(C18,'07数值索引'!$A$5:$S$80,19,FALSE),"未找到事件") -> 试探阿禾会不会交人 | E18: =SUMIFS($O$5:O17,$A$5:$A17,A18) -> 0 | F18: =SUMIFS($P$5:P17,$A$5:$A17,A18) -> 0 | G18: =SUMIFS($Q$5:Q17,$A$5:$A17,A18) -> 1 | H18: =SUMIFS($R$5:R17,$A$5:$A17,A18) -> 1 | I18: =SUMIFS($S$5:S17,$A$5:$A17,A18) -> 0 | J18: =SUMIFS($T$5:T17,$A$5:$A17,A18) -> 0 | K18: =SUMIFS($U$5:U17,$A$5:$A17,A18) -> 0 | L18: =SUMIFS($V$5:V17,$A$5:$A17,A18) -> 0 | M18: 无额外前置 | N18: =IF(COUNTIF('07数值索引'!$A$5:$A$80,C18)=1,"PASS","CHECK") -> PASS | O18: =SUMIF('07数值索引'!$A$5:$A$80,C18,'07数值索引'!$D$5:$D$80) -> 0 | P18: =SUMIF('07数值索引'!$A$5:$A$80,C18,'07数值索引'!$E$5:$E$80) -> 0 | Q18: =SUMIF('07数值索引'!$A$5:$A$80,C18,'07数值索引'!$F$5:$F$80) -> 0 | R18: =SUMIF('07数值索引'!$A$5:$A$80,C18,'07数值索引'!$G$5:$G$80) -> 0 | S18: =SUMIF('07数值索引'!$A$5:$A$80,C18,'07数值索引'!$M$5:$M$80) -> 0 | T18: =SUMIF('07数值索引'!$A$5:$A$80,C18,'07数值索引'!$H$5:$H$80) -> 0 | U18: =SUMIF('07数值索引'!$A$5:$A$80,C18,'07数值索引'!$I$5:$I$80) -> 0 | V18: =SUMIF('07数值索引'!$A$5:$A$80,C18,'07数值索引'!$J$5:$J$80) -> 0
A19: R02 | B19: 3 | C19: S02-O02 | D19: =IFERROR(VLOOKUP(C19,'07数值索引'!$A$5:$S$80,19,FALSE),"未找到事件") -> 追问旧法会，保留判断 | E19: =SUMIFS($O$5:O18,$A$5:$A18,A19) -> 0 | F19: =SUMIFS($P$5:P18,$A$5:$A18,A19) -> 0 | G19: =SUMIFS($Q$5:Q18,$A$5:$A18,A19) -> 1 | H19: =SUMIFS($R$5:R18,$A$5:$A18,A19) -> 1 | I19: =SUMIFS($S$5:S18,$A$5:$A18,A19) -> 0 | J19: =SUMIFS($T$5:T18,$A$5:$A18,A19) -> 0 | K19: =SUMIFS($U$5:U18,$A$5:$A18,A19) -> 0 | L19: =SUMIFS($V$5:V18,$A$5:$A18,A19) -> 0 | M19: 无额外前置 | N19: =IF(COUNTIF('07数值索引'!$A$5:$A$80,C19)=1,"PASS","CHECK") -> PASS | O19: =SUMIF('07数值索引'!$A$5:$A$80,C19,'07数值索引'!$D$5:$D$80) -> 0 | P19: =SUMIF('07数值索引'!$A$5:$A$80,C19,'07数值索引'!$E$5:$E$80) -> 0 | Q19: =SUMIF('07数值索引'!$A$5:$A$80,C19,'07数值索引'!$F$5:$F$80) -> 0 | R19: =SUMIF('07数值索引'!$A$5:$A$80,C19,'07数值索引'!$G$5:$G$80) -> 0 | S19: =SUMIF('07数值索引'!$A$5:$A$80,C19,'07数值索引'!$M$5:$M$80) -> 0 | T19: =SUMIF('07数值索引'!$A$5:$A$80,C19,'07数值索引'!$H$5:$H$80) -> 0 | U19: =SUMIF('07数值索引'!$A$5:$A$80,C19,'07数值索引'!$I$5:$I$80) -> 0 | V19: =SUMIF('07数值索引'!$A$5:$A$80,C19,'07数值索引'!$J$5:$J$80) -> 0
A20: R02 | B20: 4 | C20: C-S03-O-I-R | D20: =IFERROR(VLOOKUP(C20,'07数值索引'!$A$5:$S$80,19,FALSE),"未找到事件") -> 他趁乱开后门放粮，主角没有暴露，也得到接头线索 | E20: =SUMIFS($O$5:O19,$A$5:$A19,A20) -> 0 | F20: =SUMIFS($P$5:P19,$A$5:$A19,A20) -> 0 | G20: =SUMIFS($Q$5:Q19,$A$5:$A19,A20) -> 1 | H20: =SUMIFS($R$5:R19,$A$5:$A19,A20) -> 1 | I20: =SUMIFS($S$5:S19,$A$5:$A19,A20) -> 0 | J20: =SUMIFS($T$5:T19,$A$5:$A19,A20) -> 0 | K20: =SUMIFS($U$5:U19,$A$5:$A19,A20) -> 0 | L20: =SUMIFS($V$5:V19,$A$5:$A19,A20) -> 0 | M20: 无额外前置 | N20: =IF(COUNTIF('07数值索引'!$A$5:$A$80,C20)=1,"PASS","CHECK") -> PASS | O20: =SUMIF('07数值索引'!$A$5:$A$80,C20,'07数值索引'!$D$5:$D$80) -> 1 | P20: =SUMIF('07数值索引'!$A$5:$A$80,C20,'07数值索引'!$E$5:$E$80) -> 0 | Q20: =SUMIF('07数值索引'!$A$5:$A$80,C20,'07数值索引'!$F$5:$F$80) -> 0 | R20: =SUMIF('07数值索引'!$A$5:$A$80,C20,'07数值索引'!$G$5:$G$80) -> 0 | S20: =SUMIF('07数值索引'!$A$5:$A$80,C20,'07数值索引'!$M$5:$M$80) -> 1 | T20: =SUMIF('07数值索引'!$A$5:$A$80,C20,'07数值索引'!$H$5:$H$80) -> 0 | U20: =SUMIF('07数值索引'!$A$5:$A$80,C20,'07数值索引'!$I$5:$I$80) -> 0 | V20: =SUMIF('07数值索引'!$A$5:$A$80,C20,'07数值索引'!$J$5:$J$80) -> 0
A21: R02 | B21: 5 | C21: S04-A03 | D21: =IFERROR(VLOOKUP(C21,'07数值索引'!$A$5:$S$80,19,FALSE),"未找到事件") -> 告诉阿禾名单上有她的名字 | E21: =SUMIFS($O$5:O20,$A$5:$A20,A21) -> 1 | F21: =SUMIFS($P$5:P20,$A$5:$A20,A21) -> 0 | G21: =SUMIFS($Q$5:Q20,$A$5:$A20,A21) -> 1 | H21: =SUMIFS($R$5:R20,$A$5:$A20,A21) -> 1 | I21: =SUMIFS($S$5:S20,$A$5:$A20,A21) -> 1 | J21: =SUMIFS($T$5:T20,$A$5:$A20,A21) -> 0 | K21: =SUMIFS($U$5:U20,$A$5:$A20,A21) -> 0 | L21: =SUMIFS($V$5:V20,$A$5:$A20,A21) -> 0 | M21: 无额外前置 | N21: =IF(COUNTIF('07数值索引'!$A$5:$A$80,C21)=1,"PASS","CHECK") -> PASS | O21: =SUMIF('07数值索引'!$A$5:$A$80,C21,'07数值索引'!$D$5:$D$80) -> 1 | P21: =SUMIF('07数值索引'!$A$5:$A$80,C21,'07数值索引'!$E$5:$E$80) -> 0 | Q21: =SUMIF('07数值索引'!$A$5:$A$80,C21,'07数值索引'!$F$5:$F$80) -> 1 | R21: =SUMIF('07数值索引'!$A$5:$A$80,C21,'07数值索引'!$G$5:$G$80) -> 0 | S21: =SUMIF('07数值索引'!$A$5:$A$80,C21,'07数值索引'!$M$5:$M$80) -> 0 | T21: =SUMIF('07数值索引'!$A$5:$A$80,C21,'07数值索引'!$H$5:$H$80) -> 0 | U21: =SUMIF('07数值索引'!$A$5:$A$80,C21,'07数值索引'!$I$5:$I$80) -> 0 | V21: =SUMIF('07数值索引'!$A$5:$A$80,C21,'07数值索引'!$J$5:$J$80) -> 0
A22: R02 | B22: 6 | C22: S04-B01 | D22: =IFERROR(VLOOKUP(C22,'07数值索引'!$A$5:$S$80,19,FALSE),"未找到事件") -> 完整承认由自己提出并下令划名 | E22: =SUMIFS($O$5:O21,$A$5:$A21,A22) -> 2 | F22: =SUMIFS($P$5:P21,$A$5:$A21,A22) -> 0 | G22: =SUMIFS($Q$5:Q21,$A$5:$A21,A22) -> 2 | H22: =SUMIFS($R$5:R21,$A$5:$A21,A22) -> 1 | I22: =SUMIFS($S$5:S21,$A$5:$A21,A22) -> 1 | J22: =SUMIFS($T$5:T21,$A$5:$A21,A22) -> 0 | K22: =SUMIFS($U$5:U21,$A$5:$A21,A22) -> 0 | L22: =SUMIFS($V$5:V21,$A$5:$A21,A22) -> 0 | M22: 无额外前置 | N22: =IF(COUNTIF('07数值索引'!$A$5:$A$80,C22)=1,"PASS","CHECK") -> PASS | O22: =SUMIF('07数值索引'!$A$5:$A$80,C22,'07数值索引'!$D$5:$D$80) -> 3 | P22: =SUMIF('07数值索引'!$A$5:$A$80,C22,'07数值索引'!$E$5:$E$80) -> 0 | Q22: =SUMIF('07数值索引'!$A$5:$A$80,C22,'07数值索引'!$F$5:$F$80) -> 1 | R22: =SUMIF('07数值索引'!$A$5:$A$80,C22,'07数值索引'!$G$5:$G$80) -> 0 | S22: =SUMIF('07数值索引'!$A$5:$A$80,C22,'07数值索引'!$M$5:$M$80) -> 0 | T22: =SUMIF('07数值索引'!$A$5:$A$80,C22,'07数值索引'!$H$5:$H$80) -> 0 | U22: =SUMIF('07数值索引'!$A$5:$A$80,C22,'07数值索引'!$I$5:$I$80) -> 0 | V22: =SUMIF('07数值索引'!$A$5:$A$80,C22,'07数值索引'!$J$5:$J$80) -> 0
A23: R02 | B23: 7 | C23: K-LDG-REB | D23: =IFERROR(VLOOKUP(C23,'07数值索引'!$A$5:$S$80,19,FALSE),"未找到事件") -> 罪证进入结构性行动；主角不自动加入义军 | E23: =SUMIFS($O$5:O22,$A$5:$A22,A23) -> 5 | F23: =SUMIFS($P$5:P22,$A$5:$A22,A23) -> 0 | G23: =SUMIFS($Q$5:Q22,$A$5:$A22,A23) -> 3 | H23: =SUMIFS($R$5:R22,$A$5:$A22,A23) -> 1 | I23: =SUMIFS($S$5:S22,$A$5:$A22,A23) -> 1 | J23: =SUMIFS($T$5:T22,$A$5:$A22,A23) -> 0 | K23: =SUMIFS($U$5:U22,$A$5:$A22,A23) -> 0 | L23: =SUMIFS($V$5:V22,$A$5:$A22,A23) -> 0 | M23: 此前必须获得完整接头暗号 | N23: =IF(AND(COUNTIF('07数值索引'!$A$5:$A$80,C23)=1,I23>=1),"PASS","CHECK") -> PASS | O23: =SUMIF('07数值索引'!$A$5:$A$80,C23,'07数值索引'!$D$5:$D$80) -> 2 | P23: =SUMIF('07数值索引'!$A$5:$A$80,C23,'07数值索引'!$E$5:$E$80) -> 0 | Q23: =SUMIF('07数值索引'!$A$5:$A$80,C23,'07数值索引'!$F$5:$F$80) -> 0 | R23: =SUMIF('07数值索引'!$A$5:$A$80,C23,'07数值索引'!$G$5:$G$80) -> 0 | S23: =SUMIF('07数值索引'!$A$5:$A$80,C23,'07数值索引'!$M$5:$M$80) -> 1 | T23: =SUMIF('07数值索引'!$A$5:$A$80,C23,'07数值索引'!$H$5:$H$80) -> 1 | U23: =SUMIF('07数值索引'!$A$5:$A$80,C23,'07数值索引'!$I$5:$I$80) -> 0 | V23: =SUMIF('07数值索引'!$A$5:$A$80,C23,'07数值索引'!$J$5:$J$80) -> 0
A24: R02 | B24: 8 | C24: K-LTR-REB | D24: =IFERROR(VLOOKUP(C24,'07数值索引'!$A$5:$S$80,19,FALSE),"未找到事件") -> 揭露殉道计划与裴家关系 | E24: =SUMIFS($O$5:O23,$A$5:$A23,A24) -> 7 | F24: =SUMIFS($P$5:P23,$A$5:$A23,A24) -> 0 | G24: =SUMIFS($Q$5:Q23,$A$5:$A23,A24) -> 3 | H24: =SUMIFS($R$5:R23,$A$5:$A23,A24) -> 1 | I24: =SUMIFS($S$5:S23,$A$5:$A23,A24) -> 2 | J24: =SUMIFS($T$5:T23,$A$5:$A23,A24) -> 1 | K24: =SUMIFS($U$5:U23,$A$5:$A23,A24) -> 0 | L24: =SUMIFS($V$5:V23,$A$5:$A23,A24) -> 0 | M24: 此前必须获得完整接头暗号 | N24: =IF(AND(COUNTIF('07数值索引'!$A$5:$A$80,C24)=1,I24>=1),"PASS","CHECK") -> PASS | O24: =SUMIF('07数值索引'!$A$5:$A$80,C24,'07数值索引'!$D$5:$D$80) -> 2 | P24: =SUMIF('07数值索引'!$A$5:$A$80,C24,'07数值索引'!$E$5:$E$80) -> 0 | Q24: =SUMIF('07数值索引'!$A$5:$A$80,C24,'07数值索引'!$F$5:$F$80) -> 0 | R24: =SUMIF('07数值索引'!$A$5:$A$80,C24,'07数值索引'!$G$5:$G$80) -> 0 | S24: =SUMIF('07数值索引'!$A$5:$A$80,C24,'07数值索引'!$M$5:$M$80) -> 1 | T24: =SUMIF('07数值索引'!$A$5:$A$80,C24,'07数值索引'!$H$5:$H$80) -> 1 | U24: =SUMIF('07数值索引'!$A$5:$A$80,C24,'07数值索引'!$I$5:$I$80) -> 0 | V24: =SUMIF('07数值索引'!$A$5:$A$80,C24,'07数值索引'!$J$5:$J$80) -> 0
A25: R02 | B25: 9 | C25: K-SLV-REL | D25: =IFERROR(VLOOKUP(C25,'07数值索引'!$A$5:$S$80,19,FALSE),"未找到事件") -> 救助人数多，但公开行动提高追捕压力 | E25: =SUMIFS($O$5:O24,$A$5:$A24,A25) -> 9 | F25: =SUMIFS($P$5:P24,$A$5:$A24,A25) -> 0 | G25: =SUMIFS($Q$5:Q24,$A$5:$A24,A25) -> 3 | H25: =SUMIFS($R$5:R24,$A$5:$A24,A25) -> 1 | I25: =SUMIFS($S$5:S24,$A$5:$A24,A25) -> 3 | J25: =SUMIFS($T$5:T24,$A$5:$A24,A25) -> 2 | K25: =SUMIFS($U$5:U24,$A$5:$A24,A25) -> 0 | L25: =SUMIFS($V$5:V24,$A$5:$A24,A25) -> 0 | M25: 无额外前置 | N25: =IF(COUNTIF('07数值索引'!$A$5:$A$80,C25)=1,"PASS","CHECK") -> PASS | O25: =SUMIF('07数值索引'!$A$5:$A$80,C25,'07数值索引'!$D$5:$D$80) -> 2 | P25: =SUMIF('07数值索引'!$A$5:$A$80,C25,'07数值索引'!$E$5:$E$80) -> 0 | Q25: =SUMIF('07数值索引'!$A$5:$A$80,C25,'07数值索引'!$F$5:$F$80) -> 0 | R25: =SUMIF('07数值索引'!$A$5:$A$80,C25,'07数值索引'!$G$5:$G$80) -> 1 | S25: =SUMIF('07数值索引'!$A$5:$A$80,C25,'07数值索引'!$M$5:$M$80) -> 0 | T25: =SUMIF('07数值索引'!$A$5:$A$80,C25,'07数值索引'!$H$5:$H$80) -> 0 | U25: =SUMIF('07数值索引'!$A$5:$A$80,C25,'07数值索引'!$I$5:$I$80) -> 0 | V25: =SUMIF('07数值索引'!$A$5:$A$80,C25,'07数值索引'!$J$5:$J$80) -> 0
A26: R02 | B26: 10 | C26: K-SEAL-DEST | D26: =IFERROR(VLOOKUP(C26,'07数值索引'!$A$5:$S$80,19,FALSE),"未找到事件") -> 主动关闭最便利的旧权力入口 | E26: =SUMIFS($O$5:O25,$A$5:$A25,A26) -> 11 | F26: =SUMIFS($P$5:P25,$A$5:$A25,A26) -> 0 | G26: =SUMIFS($Q$5:Q25,$A$5:$A25,A26) -> 3 | H26: =SUMIFS($R$5:R25,$A$5:$A25,A26) -> 2 | I26: =SUMIFS($S$5:S25,$A$5:$A25,A26) -> 3 | J26: =SUMIFS($T$5:T25,$A$5:$A25,A26) -> 2 | K26: =SUMIFS($U$5:U25,$A$5:$A25,A26) -> 0 | L26: =SUMIFS($V$5:V25,$A$5:$A25,A26) -> 0 | M26: 无额外前置 | N26: =IF(COUNTIF('07数值索引'!$A$5:$A$80,C26)=1,"PASS","CHECK") -> PASS | O26: =SUMIF('07数值索引'!$A$5:$A$80,C26,'07数值索引'!$D$5:$D$80) -> 2 | P26: =SUMIF('07数值索引'!$A$5:$A$80,C26,'07数值索引'!$E$5:$E$80) -> -1 | Q26: =SUMIF('07数值索引'!$A$5:$A$80,C26,'07数值索引'!$F$5:$F$80) -> 1 | R26: =SUMIF('07数值索引'!$A$5:$A$80,C26,'07数值索引'!$G$5:$G$80) -> 0 | S26: =SUMIF('07数值索引'!$A$5:$A$80,C26,'07数值索引'!$M$5:$M$80) -> 0 | T26: =SUMIF('07数值索引'!$A$5:$A$80,C26,'07数值索引'!$H$5:$H$80) -> 0 | U26: =SUMIF('07数值索引'!$A$5:$A$80,C26,'07数值索引'!$I$5:$I$80) -> 0 | V26: =SUMIF('07数值索引'!$A$5:$A$80,C26,'07数值索引'!$J$5:$J$80) -> 0
A27: R02 | B27: 11 | C27: SYS-WEI | D27: =IFERROR(VLOOKUP(C27,'07数值索引'!$A$5:$S$80,19,FALSE),"未找到事件") -> 魏先进入县城，所有路线固定增加一次追捕压力 | E27: =SUMIFS($O$5:O26,$A$5:$A26,A27) -> 13 | F27: =SUMIFS($P$5:P26,$A$5:$A26,A27) -> -1 | G27: =SUMIFS($Q$5:Q26,$A$5:$A26,A27) -> 4 | H27: =SUMIFS($R$5:R26,$A$5:$A26,A27) -> 2 | I27: =SUMIFS($S$5:S26,$A$5:$A26,A27) -> 3 | J27: =SUMIFS($T$5:T26,$A$5:$A26,A27) -> 2 | K27: =SUMIFS($U$5:U26,$A$5:$A26,A27) -> 0 | L27: =SUMIFS($V$5:V26,$A$5:$A26,A27) -> 0 | M27: 无额外前置 | N27: =IF(COUNTIF('07数值索引'!$A$5:$A$80,C27)=1,"PASS","CHECK") -> PASS | O27: =SUMIF('07数值索引'!$A$5:$A$80,C27,'07数值索引'!$D$5:$D$80) -> 0 | P27: =SUMIF('07数值索引'!$A$5:$A$80,C27,'07数值索引'!$E$5:$E$80) -> 0 | Q27: =SUMIF('07数值索引'!$A$5:$A$80,C27,'07数值索引'!$F$5:$F$80) -> 0 | R27: =SUMIF('07数值索引'!$A$5:$A$80,C27,'07数值索引'!$G$5:$G$80) -> 1 | S27: =SUMIF('07数值索引'!$A$5:$A$80,C27,'07数值索引'!$M$5:$M$80) -> 0 | T27: =SUMIF('07数值索引'!$A$5:$A$80,C27,'07数值索引'!$H$5:$H$80) -> 0 | U27: =SUMIF('07数值索引'!$A$5:$A$80,C27,'07数值索引'!$I$5:$I$80) -> 0 | V27: =SUMIF('07数值索引'!$A$5:$A$80,C27,'07数值索引'!$J$5:$J$80) -> 0
A28: R02 | B28: 12 | C28: ACT-UNDER | D28: =IFERROR(VLOOKUP(C28,'07数值索引'!$A$5:$S$80,19,FALSE),"未找到事件") -> 按暗号转交证据，从旧地道撤离 | E28: =SUMIFS($O$5:O27,$A$5:$A27,A28) -> 13 | F28: =SUMIFS($P$5:P27,$A$5:$A27,A28) -> -1 | G28: =SUMIFS($Q$5:Q27,$A$5:$A27,A28) -> 4 | H28: =SUMIFS($R$5:R27,$A$5:$A27,A28) -> 3 | I28: =SUMIFS($S$5:S27,$A$5:$A27,A28) -> 3 | J28: =SUMIFS($T$5:T27,$A$5:$A27,A28) -> 2 | K28: =SUMIFS($U$5:U27,$A$5:$A27,A28) -> 0 | L28: =SUMIFS($V$5:V27,$A$5:$A27,A28) -> 0 | M28: 此前必须获得完整接头暗号 | N28: =IF(AND(COUNTIF('07数值索引'!$A$5:$A$80,C28)=1,I28>=1),"PASS","CHECK") -> PASS | O28: =SUMIF('07数值索引'!$A$5:$A$80,C28,'07数值索引'!$D$5:$D$80) -> 1 | P28: =SUMIF('07数值索引'!$A$5:$A$80,C28,'07数值索引'!$E$5:$E$80) -> 0 | Q28: =SUMIF('07数值索引'!$A$5:$A$80,C28,'07数值索引'!$F$5:$F$80) -> 0 | R28: =SUMIF('07数值索引'!$A$5:$A$80,C28,'07数值索引'!$G$5:$G$80) -> -1 | S28: =SUMIF('07数值索引'!$A$5:$A$80,C28,'07数值索引'!$M$5:$M$80) -> 1 | T28: =SUMIF('07数值索引'!$A$5:$A$80,C28,'07数值索引'!$H$5:$H$80) -> 0 | U28: =SUMIF('07数值索引'!$A$5:$A$80,C28,'07数值索引'!$I$5:$I$80) -> 0 | V28: =SUMIF('07数值索引'!$A$5:$A$80,C28,'07数值索引'!$J$5:$J$80) -> 0
A29: R03 | B29: 1 | C29: SYS-START | D29: =IFERROR(VLOOKUP(C29,'07数值索引'!$A$5:$S$80,19,FALSE),"未找到事件") -> 阿禾因救人而保留最低限度善意；追兵已在沿河搜索 | E29: =0 -> 0 | F29: =0 -> 0 | G29: =0 -> 0 | H29: =0 -> 0 | I29: =0 -> 0 | J29: =0 -> 0 | K29: =0 -> 0 | L29: =0 -> 0 | M29: 无额外前置 | N29: =IF(COUNTIF('07数值索引'!$A$5:$A$80,C29)=1,"PASS","CHECK") -> PASS | O29: =SUMIF('07数值索引'!$A$5:$A$80,C29,'07数值索引'!$D$5:$D$80) -> 0 | P29: =SUMIF('07数值索引'!$A$5:$A$80,C29,'07数值索引'!$E$5:$E$80) -> 0 | Q29: =SUMIF('07数值索引'!$A$5:$A$80,C29,'07数值索引'!$F$5:$F$80) -> 1 | R29: =SUMIF('07数值索引'!$A$5:$A$80,C29,'07数值索引'!$G$5:$G$80) -> 1 | S29: =SUMIF('07数值索引'!$A$5:$A$80,C29,'07数值索引'!$M$5:$M$80) -> 0 | T29: =SUMIF('07数值索引'!$A$5:$A$80,C29,'07数值索引'!$H$5:$H$80) -> 0 | U29: =SUMIF('07数值索引'!$A$5:$A$80,C29,'07数值索引'!$I$5:$I$80) -> 0 | V29: =SUMIF('07数值索引'!$A$5:$A$80,C29,'07数值索引'!$J$5:$J$80) -> 0
A30: R03 | B30: 2 | C30: S01-O01 | D30: =IFERROR(VLOOKUP(C30,'07数值索引'!$A$5:$S$80,19,FALSE),"未找到事件") -> 坦白不知道来历，也不想连累阿禾 | E30: =SUMIFS($O$5:O29,$A$5:$A29,A30) -> 0 | F30: =SUMIFS($P$5:P29,$A$5:$A29,A30) -> 0 | G30: =SUMIFS($Q$5:Q29,$A$5:$A29,A30) -> 1 | H30: =SUMIFS($R$5:R29,$A$5:$A29,A30) -> 1 | I30: =SUMIFS($S$5:S29,$A$5:$A29,A30) -> 0 | J30: =SUMIFS($T$5:T29,$A$5:$A29,A30) -> 0 | K30: =SUMIFS($U$5:U29,$A$5:$A29,A30) -> 0 | L30: =SUMIFS($V$5:V29,$A$5:$A29,A30) -> 0 | M30: 无额外前置 | N30: =IF(COUNTIF('07数值索引'!$A$5:$A$80,C30)=1,"PASS","CHECK") -> PASS | O30: =SUMIF('07数值索引'!$A$5:$A$80,C30,'07数值索引'!$D$5:$D$80) -> 0 | P30: =SUMIF('07数值索引'!$A$5:$A$80,C30,'07数值索引'!$E$5:$E$80) -> 0 | Q30: =SUMIF('07数值索引'!$A$5:$A$80,C30,'07数值索引'!$F$5:$F$80) -> 1 | R30: =SUMIF('07数值索引'!$A$5:$A$80,C30,'07数值索引'!$G$5:$G$80) -> 0 | S30: =SUMIF('07数值索引'!$A$5:$A$80,C30,'07数值索引'!$M$5:$M$80) -> 0 | T30: =SUMIF('07数值索引'!$A$5:$A$80,C30,'07数值索引'!$H$5:$H$80) -> 0 | U30: =SUMIF('07数值索引'!$A$5:$A$80,C30,'07数值索引'!$I$5:$I$80) -> 0 | V30: =SUMIF('07数值索引'!$A$5:$A$80,C30,'07数值索引'!$J$5:$J$80) -> 0
A31: R03 | B31: 3 | C31: S02-O03 | D31: =IFERROR(VLOOKUP(C31,'07数值索引'!$A$5:$S$80,19,FALSE),"未找到事件") -> 默认跪拜换取帮助；消息开始外泄 | E31: =SUMIFS($O$5:O30,$A$5:$A30,A31) -> 0 | F31: =SUMIFS($P$5:P30,$A$5:$A30,A31) -> 0 | G31: =SUMIFS($Q$5:Q30,$A$5:$A30,A31) -> 2 | H31: =SUMIFS($R$5:R30,$A$5:$A30,A31) -> 1 | I31: =SUMIFS($S$5:S30,$A$5:$A30,A31) -> 0 | J31: =SUMIFS($T$5:T30,$A$5:$A30,A31) -> 0 | K31: =SUMIFS($U$5:U30,$A$5:$A30,A31) -> 0 | L31: =SUMIFS($V$5:V30,$A$5:$A30,A31) -> 0 | M31: 无额外前置 | N31: =IF(COUNTIF('07数值索引'!$A$5:$A$80,C31)=1,"PASS","CHECK") -> PASS | O31: =SUMIF('07数值索引'!$A$5:$A$80,C31,'07数值索引'!$D$5:$D$80) -> 0 | P31: =SUMIF('07数值索引'!$A$5:$A$80,C31,'07数值索引'!$E$5:$E$80) -> 1 | Q31: =SUMIF('07数值索引'!$A$5:$A$80,C31,'07数值索引'!$F$5:$F$80) -> -1 | R31: =SUMIF('07数值索引'!$A$5:$A$80,C31,'07数值索引'!$G$5:$G$80) -> 1 | S31: =SUMIF('07数值索引'!$A$5:$A$80,C31,'07数值索引'!$M$5:$M$80) -> 0 | T31: =SUMIF('07数值索引'!$A$5:$A$80,C31,'07数值索引'!$H$5:$H$80) -> 0 | U31: =SUMIF('07数值索引'!$A$5:$A$80,C31,'07数值索引'!$I$5:$I$80) -> 0 | V31: =SUMIF('07数值索引'!$A$5:$A$80,C31,'07数值索引'!$J$5:$J$80) -> 0
A32: R03 | B32: 4 | C32: C-S03-A-F-P | D32: =IFERROR(VLOOKUP(C32,'07数值索引'!$A$5:$S$80,19,FALSE),"未找到事件") -> 阿芸以训练过的声音维持秩序，阿禾分粮；救助变快，但阿禾开始警惕 | E32: =SUMIFS($O$5:O31,$A$5:$A31,A32) -> 0 | F32: =SUMIFS($P$5:P31,$A$5:$A31,A32) -> 1 | G32: =SUMIFS($Q$5:Q31,$A$5:$A31,A32) -> 1 | H32: =SUMIFS($R$5:R31,$A$5:$A31,A32) -> 2 | I32: =SUMIFS($S$5:S31,$A$5:$A31,A32) -> 0 | J32: =SUMIFS($T$5:T31,$A$5:$A31,A32) -> 0 | K32: =SUMIFS($U$5:U31,$A$5:$A31,A32) -> 0 | L32: =SUMIFS($V$5:V31,$A$5:$A31,A32) -> 0 | M32: 无额外前置 | N32: =IF(COUNTIF('07数值索引'!$A$5:$A$80,C32)=1,"PASS","CHECK") -> PASS | O32: =SUMIF('07数值索引'!$A$5:$A$80,C32,'07数值索引'!$D$5:$D$80) -> 1 | P32: =SUMIF('07数值索引'!$A$5:$A$80,C32,'07数值索引'!$E$5:$E$80) -> 1 | Q32: =SUMIF('07数值索引'!$A$5:$A$80,C32,'07数值索引'!$F$5:$F$80) -> 0 | R32: =SUMIF('07数值索引'!$A$5:$A$80,C32,'07数值索引'!$G$5:$G$80) -> 1 | S32: =SUMIF('07数值索引'!$A$5:$A$80,C32,'07数值索引'!$M$5:$M$80) -> 0 | T32: =SUMIF('07数值索引'!$A$5:$A$80,C32,'07数值索引'!$H$5:$H$80) -> 0 | U32: =SUMIF('07数值索引'!$A$5:$A$80,C32,'07数值索引'!$I$5:$I$80) -> 0 | V32: =SUMIF('07数值索引'!$A$5:$A$80,C32,'07数值索引'!$J$5:$J$80) -> 0
A33: R03 | B33: 5 | C33: S04-A04 | D33: =IFERROR(VLOOKUP(C33,'07数值索引'!$A$5:$S$80,19,FALSE),"未找到事件") -> 沉默并交出名单 | E33: =SUMIFS($O$5:O32,$A$5:$A32,A33) -> 1 | F33: =SUMIFS($P$5:P32,$A$5:$A32,A33) -> 2 | G33: =SUMIFS($Q$5:Q32,$A$5:$A32,A33) -> 1 | H33: =SUMIFS($R$5:R32,$A$5:$A32,A33) -> 3 | I33: =SUMIFS($S$5:S32,$A$5:$A32,A33) -> 0 | J33: =SUMIFS($T$5:T32,$A$5:$A32,A33) -> 0 | K33: =SUMIFS($U$5:U32,$A$5:$A32,A33) -> 0 | L33: =SUMIFS($V$5:V32,$A$5:$A32,A33) -> 0 | M33: 无额外前置 | N33: =IF(COUNTIF('07数值索引'!$A$5:$A$80,C33)=1,"PASS","CHECK") -> PASS | O33: =SUMIF('07数值索引'!$A$5:$A$80,C33,'07数值索引'!$D$5:$D$80) -> 2 | P33: =SUMIF('07数值索引'!$A$5:$A$80,C33,'07数值索引'!$E$5:$E$80) -> 0 | Q33: =SUMIF('07数值索引'!$A$5:$A$80,C33,'07数值索引'!$F$5:$F$80) -> 1 | R33: =SUMIF('07数值索引'!$A$5:$A$80,C33,'07数值索引'!$G$5:$G$80) -> 0 | S33: =SUMIF('07数值索引'!$A$5:$A$80,C33,'07数值索引'!$M$5:$M$80) -> 0 | T33: =SUMIF('07数值索引'!$A$5:$A$80,C33,'07数值索引'!$H$5:$H$80) -> 0 | U33: =SUMIF('07数值索引'!$A$5:$A$80,C33,'07数值索引'!$I$5:$I$80) -> 0 | V33: =SUMIF('07数值索引'!$A$5:$A$80,C33,'07数值索引'!$J$5:$J$80) -> 0
A34: R03 | B34: 6 | C34: S04-B02 | D34: =IFERROR(VLOOKUP(C34,'07数值索引'!$A$5:$S$80,19,FALSE),"未找到事件") -> 承认说过，但强调自己不知道会死人 | E34: =SUMIFS($O$5:O33,$A$5:$A33,A34) -> 3 | F34: =SUMIFS($P$5:P33,$A$5:$A33,A34) -> 2 | G34: =SUMIFS($Q$5:Q33,$A$5:$A33,A34) -> 2 | H34: =SUMIFS($R$5:R33,$A$5:$A33,A34) -> 3 | I34: =SUMIFS($S$5:S33,$A$5:$A33,A34) -> 0 | J34: =SUMIFS($T$5:T33,$A$5:$A33,A34) -> 0 | K34: =SUMIFS($U$5:U33,$A$5:$A33,A34) -> 0 | L34: =SUMIFS($V$5:V33,$A$5:$A33,A34) -> 0 | M34: 无额外前置 | N34: =IF(COUNTIF('07数值索引'!$A$5:$A$80,C34)=1,"PASS","CHECK") -> PASS | O34: =SUMIF('07数值索引'!$A$5:$A$80,C34,'07数值索引'!$D$5:$D$80) -> 0 | P34: =SUMIF('07数值索引'!$A$5:$A$80,C34,'07数值索引'!$E$5:$E$80) -> 0 | Q34: =SUMIF('07数值索引'!$A$5:$A$80,C34,'07数值索引'!$F$5:$F$80) -> -1 | R34: =SUMIF('07数值索引'!$A$5:$A$80,C34,'07数值索引'!$G$5:$G$80) -> 0 | S34: =SUMIF('07数值索引'!$A$5:$A$80,C34,'07数值索引'!$M$5:$M$80) -> 0 | T34: =SUMIF('07数值索引'!$A$5:$A$80,C34,'07数值索引'!$H$5:$H$80) -> 0 | U34: =SUMIF('07数值索引'!$A$5:$A$80,C34,'07数值索引'!$I$5:$I$80) -> 0 | V34: =SUMIF('07数值索引'!$A$5:$A$80,C34,'07数值索引'!$J$5:$J$80) -> 0
A35: R03 | B35: 7 | C35: K-LDG-AHE | D35: =IFERROR(VLOOKUP(C35,'07数值索引'!$A$5:$S$80,19,FALSE),"未找到事件") -> 罪行离开主角控制，由受害者决定如何使用 | E35: =SUMIFS($O$5:O34,$A$5:$A34,A35) -> 3 | F35: =SUMIFS($P$5:P34,$A$5:$A34,A35) -> 2 | G35: =SUMIFS($Q$5:Q34,$A$5:$A34,A35) -> 1 | H35: =SUMIFS($R$5:R34,$A$5:$A34,A35) -> 3 | I35: =SUMIFS($S$5:S34,$A$5:$A34,A35) -> 0 | J35: =SUMIFS($T$5:T34,$A$5:$A34,A35) -> 0 | K35: =SUMIFS($U$5:U34,$A$5:$A34,A35) -> 0 | L35: =SUMIFS($V$5:V34,$A$5:$A34,A35) -> 0 | M35: 前信任≥4；或1—3且此前交出名单/完整承认 | N35: =IF(AND(COUNTIF('07数值索引'!$A$5:$A$80,C35)=1,OR(G35>=4,AND(G35>=1,G35<=3,OR(COUNTIFS($A$5:$A34,A35,$C$5:$C34,"S04-A04")>0,COUNTIFS($A$5:$A34,A35,$C$5:$C34,"S04-B01")>0)))),"PASS","CHECK") -> PASS | O35: =SUMIF('07数值索引'!$A$5:$A$80,C35,'07数值索引'!$D$5:$D$80) -> 2 | P35: =SUMIF('07数值索引'!$A$5:$A$80,C35,'07数值索引'!$E$5:$E$80) -> 0 | Q35: =SUMIF('07数值索引'!$A$5:$A$80,C35,'07数值索引'!$F$5:$F$80) -> 1 | R35: =SUMIF('07数值索引'!$A$5:$A$80,C35,'07数值索引'!$G$5:$G$80) -> 0 | S35: =SUMIF('07数值索引'!$A$5:$A$80,C35,'07数值索引'!$M$5:$M$80) -> 0 | T35: =SUMIF('07数值索引'!$A$5:$A$80,C35,'07数值索引'!$H$5:$H$80) -> 1 | U35: =SUMIF('07数值索引'!$A$5:$A$80,C35,'07数值索引'!$I$5:$I$80) -> 0 | V35: =SUMIF('07数值索引'!$A$5:$A$80,C35,'07数值索引'!$J$5:$J$80) -> 0
A36: R03 | B36: 8 | C36: K-LTR-KEEP | D36: =IFERROR(VLOOKUP(C36,'07数值索引'!$A$5:$S$80,19,FALSE),"未找到事件") -> 保留自保筹码，不让真相抵达他人 | E36: =SUMIFS($O$5:O35,$A$5:$A35,A36) -> 5 | F36: =SUMIFS($P$5:P35,$A$5:$A35,A36) -> 2 | G36: =SUMIFS($Q$5:Q35,$A$5:$A35,A36) -> 2 | H36: =SUMIFS($R$5:R35,$A$5:$A35,A36) -> 3 | I36: =SUMIFS($S$5:S35,$A$5:$A35,A36) -> 0 | J36: =SUMIFS($T$5:T35,$A$5:$A35,A36) -> 1 | K36: =SUMIFS($U$5:U35,$A$5:$A35,A36) -> 0 | L36: =SUMIFS($V$5:V35,$A$5:$A35,A36) -> 0 | M36: 无额外前置 | N36: =IF(COUNTIF('07数值索引'!$A$5:$A$80,C36)=1,"PASS","CHECK") -> PASS | O36: =SUMIF('07数值索引'!$A$5:$A$80,C36,'07数值索引'!$D$5:$D$80) -> -1 | P36: =SUMIF('07数值索引'!$A$5:$A$80,C36,'07数值索引'!$E$5:$E$80) -> 0 | Q36: =SUMIF('07数值索引'!$A$5:$A$80,C36,'07数值索引'!$F$5:$F$80) -> 0 | R36: =SUMIF('07数值索引'!$A$5:$A$80,C36,'07数值索引'!$G$5:$G$80) -> 0 | S36: =SUMIF('07数值索引'!$A$5:$A$80,C36,'07数值索引'!$M$5:$M$80) -> 0 | T36: =SUMIF('07数值索引'!$A$5:$A$80,C36,'07数值索引'!$H$5:$H$80) -> 0 | U36: =SUMIF('07数值索引'!$A$5:$A$80,C36,'07数值索引'!$I$5:$I$80) -> 1 | V36: =SUMIF('07数值索引'!$A$5:$A$80,C36,'07数值索引'!$J$5:$J$80) -> 0
A37: R03 | B37: 9 | C37: K-SLV-VIC | D37: =IFERROR(VLOOKUP(C37,'07数值索引'!$A$5:$S$80,19,FALSE),"未找到事件") -> 赃款成为迟到的补偿，但不兑换宽恕 | E37: =SUMIFS($O$5:O36,$A$5:$A36,A37) -> 4 | F37: =SUMIFS($P$5:P36,$A$5:$A36,A37) -> 2 | G37: =SUMIFS($Q$5:Q36,$A$5:$A36,A37) -> 2 | H37: =SUMIFS($R$5:R36,$A$5:$A36,A37) -> 3 | I37: =SUMIFS($S$5:S36,$A$5:$A36,A37) -> 0 | J37: =SUMIFS($T$5:T36,$A$5:$A36,A37) -> 1 | K37: =SUMIFS($U$5:U36,$A$5:$A36,A37) -> 1 | L37: =SUMIFS($V$5:V36,$A$5:$A36,A37) -> 0 | M37: 无额外前置 | N37: =IF(COUNTIF('07数值索引'!$A$5:$A$80,C37)=1,"PASS","CHECK") -> PASS | O37: =SUMIF('07数值索引'!$A$5:$A$80,C37,'07数值索引'!$D$5:$D$80) -> 2 | P37: =SUMIF('07数值索引'!$A$5:$A$80,C37,'07数值索引'!$E$5:$E$80) -> 0 | Q37: =SUMIF('07数值索引'!$A$5:$A$80,C37,'07数值索引'!$F$5:$F$80) -> 1 | R37: =SUMIF('07数值索引'!$A$5:$A$80,C37,'07数值索引'!$G$5:$G$80) -> 0 | S37: =SUMIF('07数值索引'!$A$5:$A$80,C37,'07数值索引'!$M$5:$M$80) -> 0 | T37: =SUMIF('07数值索引'!$A$5:$A$80,C37,'07数值索引'!$H$5:$H$80) -> 0 | U37: =SUMIF('07数值索引'!$A$5:$A$80,C37,'07数值索引'!$I$5:$I$80) -> 0 | V37: =SUMIF('07数值索引'!$A$5:$A$80,C37,'07数值索引'!$J$5:$J$80) -> 0
A38: R03 | B38: 10 | C38: K-SEAL-WEAR | D38: =IFERROR(VLOOKUP(C38,'07数值索引'!$A$5:$S$80,19,FALSE),"未找到事件") -> 调动信众并重新坐回丝线中央 | E38: =SUMIFS($O$5:O37,$A$5:$A37,A38) -> 6 | F38: =SUMIFS($P$5:P37,$A$5:$A37,A38) -> 2 | G38: =SUMIFS($Q$5:Q37,$A$5:$A37,A38) -> 3 | H38: =SUMIFS($R$5:R37,$A$5:$A37,A38) -> 3 | I38: =SUMIFS($S$5:S37,$A$5:$A37,A38) -> 0 | J38: =SUMIFS($T$5:T37,$A$5:$A37,A38) -> 1 | K38: =SUMIFS($U$5:U37,$A$5:$A37,A38) -> 1 | L38: =SUMIFS($V$5:V37,$A$5:$A37,A38) -> 0 | M38: 无额外前置 | N38: =IF(COUNTIF('07数值索引'!$A$5:$A$80,C38)=1,"PASS","CHECK") -> PASS | O38: =SUMIF('07数值索引'!$A$5:$A$80,C38,'07数值索引'!$D$5:$D$80) -> 0 | P38: =SUMIF('07数值索引'!$A$5:$A$80,C38,'07数值索引'!$E$5:$E$80) -> 3 | Q38: =SUMIF('07数值索引'!$A$5:$A$80,C38,'07数值索引'!$F$5:$F$80) -> -2 | R38: =SUMIF('07数值索引'!$A$5:$A$80,C38,'07数值索引'!$G$5:$G$80) -> 0 | S38: =SUMIF('07数值索引'!$A$5:$A$80,C38,'07数值索引'!$M$5:$M$80) -> 0 | T38: =SUMIF('07数值索引'!$A$5:$A$80,C38,'07数值索引'!$H$5:$H$80) -> 0 | U38: =SUMIF('07数值索引'!$A$5:$A$80,C38,'07数值索引'!$I$5:$I$80) -> 0 | V38: =SUMIF('07数值索引'!$A$5:$A$80,C38,'07数值索引'!$J$5:$J$80) -> 0
A39: R03 | B39: 11 | C39: SYS-WEI-MID | D39: =IFERROR(VLOOKUP(C39,'07数值索引'!$A$5:$S$80,19,FALSE),"未找到事件") -> 阿禾中信任时只带证据离开，不共享撤离路线；魏先在阿芸离开前截住她 | E39: =SUMIFS($O$5:O38,$A$5:$A38,A39) -> 6 | F39: =SUMIFS($P$5:P38,$A$5:$A38,A39) -> 5 | G39: =SUMIFS($Q$5:Q38,$A$5:$A38,A39) -> 1 | H39: =SUMIFS($R$5:R38,$A$5:$A38,A39) -> 3 | I39: =SUMIFS($S$5:S38,$A$5:$A38,A39) -> 0 | J39: =SUMIFS($T$5:T38,$A$5:$A38,A39) -> 1 | K39: =SUMIFS($U$5:U38,$A$5:$A38,A39) -> 1 | L39: =SUMIFS($V$5:V38,$A$5:$A38,A39) -> 0 | M39: 无额外前置 | N39: =IF(COUNTIF('07数值索引'!$A$5:$A$80,C39)=1,"PASS","CHECK") -> PASS | O39: =SUMIF('07数值索引'!$A$5:$A$80,C39,'07数值索引'!$D$5:$D$80) -> 0 | P39: =SUMIF('07数值索引'!$A$5:$A$80,C39,'07数值索引'!$E$5:$E$80) -> 0 | Q39: =SUMIF('07数值索引'!$A$5:$A$80,C39,'07数值索引'!$F$5:$F$80) -> 0 | R39: =SUMIF('07数值索引'!$A$5:$A$80,C39,'07数值索引'!$G$5:$G$80) -> 2 | S39: =SUMIF('07数值索引'!$A$5:$A$80,C39,'07数值索引'!$M$5:$M$80) -> 0 | T39: =SUMIF('07数值索引'!$A$5:$A$80,C39,'07数值索引'!$H$5:$H$80) -> 0 | U39: =SUMIF('07数值索引'!$A$5:$A$80,C39,'07数值索引'!$I$5:$I$80) -> 0 | V39: =SUMIF('07数值索引'!$A$5:$A$80,C39,'07数值索引'!$J$5:$J$80) -> 0
A40: R03 | B40: 12 | C40: ACT-SAINT | D40: =IFERROR(VLOOKUP(C40,'07数值索引'!$A$5:$S$80,19,FALSE),"未找到事件") -> 佩印并以神谕宣布魏先背叛神意 | E40: =SUMIFS($O$5:O39,$A$5:$A39,A40) -> 6 | F40: =SUMIFS($P$5:P39,$A$5:$A39,A40) -> 5 | G40: =SUMIFS($Q$5:Q39,$A$5:$A39,A40) -> 1 | H40: =SUMIFS($R$5:R39,$A$5:$A39,A40) -> 5 | I40: =SUMIFS($S$5:S39,$A$5:$A39,A40) -> 0 | J40: =SUMIFS($T$5:T39,$A$5:$A39,A40) -> 1 | K40: =SUMIFS($U$5:U39,$A$5:$A39,A40) -> 1 | L40: =SUMIFS($V$5:V39,$A$5:$A39,A40) -> 0 | M40: 此前已经重新佩戴圣女旧印 | N40: =IF(AND(COUNTIF('07数值索引'!$A$5:$A$80,C40)=1,COUNTIFS($A$5:$A39,A40,$C$5:$C39,"K-SEAL-WEAR")>0),"PASS","CHECK") -> PASS | O40: =SUMIF('07数值索引'!$A$5:$A$80,C40,'07数值索引'!$D$5:$D$80) -> 0 | P40: =SUMIF('07数值索引'!$A$5:$A$80,C40,'07数值索引'!$E$5:$E$80) -> 3 | Q40: =SUMIF('07数值索引'!$A$5:$A$80,C40,'07数值索引'!$F$5:$F$80) -> 0 | R40: =SUMIF('07数值索引'!$A$5:$A$80,C40,'07数值索引'!$G$5:$G$80) -> 2 | S40: =SUMIF('07数值索引'!$A$5:$A$80,C40,'07数值索引'!$M$5:$M$80) -> 0 | T40: =SUMIF('07数值索引'!$A$5:$A$80,C40,'07数值索引'!$H$5:$H$80) -> 0 | U40: =SUMIF('07数值索引'!$A$5:$A$80,C40,'07数值索引'!$I$5:$I$80) -> 0 | V40: =SUMIF('07数值索引'!$A$5:$A$80,C40,'07数值索引'!$J$5:$J$80) -> 0
A41: R04 | B41: 1 | C41: SYS-START | D41: =IFERROR(VLOOKUP(C41,'07数值索引'!$A$5:$S$80,19,FALSE),"未找到事件") -> 阿禾因救人而保留最低限度善意；追兵已在沿河搜索 | E41: =0 -> 0 | F41: =0 -> 0 | G41: =0 -> 0 | H41: =0 -> 0 | I41: =0 -> 0 | J41: =0 -> 0 | K41: =0 -> 0 | L41: =0 -> 0 | M41: 无额外前置 | N41: =IF(COUNTIF('07数值索引'!$A$5:$A$80,C41)=1,"PASS","CHECK") -> PASS | O41: =SUMIF('07数值索引'!$A$5:$A$80,C41,'07数值索引'!$D$5:$D$80) -> 0 | P41: =SUMIF('07数值索引'!$A$5:$A$80,C41,'07数值索引'!$E$5:$E$80) -> 0 | Q41: =SUMIF('07数值索引'!$A$5:$A$80,C41,'07数值索引'!$F$5:$F$80) -> 1 | R41: =SUMIF('07数值索引'!$A$5:$A$80,C41,'07数值索引'!$G$5:$G$80) -> 1 | S41: =SUMIF('07数值索引'!$A$5:$A$80,C41,'07数值索引'!$M$5:$M$80) -> 0 | T41: =SUMIF('07数值索引'!$A$5:$A$80,C41,'07数值索引'!$H$5:$H$80) -> 0 | U41: =SUMIF('07数值索引'!$A$5:$A$80,C41,'07数值索引'!$I$5:$I$80) -> 0 | V41: =SUMIF('07数值索引'!$A$5:$A$80,C41,'07数值索引'!$J$5:$J$80) -> 0
A42: R04 | B42: 2 | C42: S01-O02 | D42: =IFERROR(VLOOKUP(C42,'07数值索引'!$A$5:$S$80,19,FALSE),"未找到事件") -> 否认追兵存在；阿禾暗中观察 | E42: =SUMIFS($O$5:O41,$A$5:$A41,A42) -> 0 | F42: =SUMIFS($P$5:P41,$A$5:$A41,A42) -> 0 | G42: =SUMIFS($Q$5:Q41,$A$5:$A41,A42) -> 1 | H42: =SUMIFS($R$5:R41,$A$5:$A41,A42) -> 1 | I42: =SUMIFS($S$5:S41,$A$5:$A41,A42) -> 0 | J42: =SUMIFS($T$5:T41,$A$5:$A41,A42) -> 0 | K42: =SUMIFS($U$5:U41,$A$5:$A41,A42) -> 0 | L42: =SUMIFS($V$5:V41,$A$5:$A41,A42) -> 0 | M42: 无额外前置 | N42: =IF(COUNTIF('07数值索引'!$A$5:$A$80,C42)=1,"PASS","CHECK") -> PASS | O42: =SUMIF('07数值索引'!$A$5:$A$80,C42,'07数值索引'!$D$5:$D$80) -> 0 | P42: =SUMIF('07数值索引'!$A$5:$A$80,C42,'07数值索引'!$E$5:$E$80) -> 0 | Q42: =SUMIF('07数值索引'!$A$5:$A$80,C42,'07数值索引'!$F$5:$F$80) -> -1 | R42: =SUMIF('07数值索引'!$A$5:$A$80,C42,'07数值索引'!$G$5:$G$80) -> 0 | S42: =SUMIF('07数值索引'!$A$5:$A$80,C42,'07数值索引'!$M$5:$M$80) -> 0 | T42: =SUMIF('07数值索引'!$A$5:$A$80,C42,'07数值索引'!$H$5:$H$80) -> 0 | U42: =SUMIF('07数值索引'!$A$5:$A$80,C42,'07数值索引'!$I$5:$I$80) -> 0 | V42: =SUMIF('07数值索引'!$A$5:$A$80,C42,'07数值索引'!$J$5:$J$80) -> 0
A43: R04 | B43: 3 | C43: S02-O02 | D43: =IFERROR(VLOOKUP(C43,'07数值索引'!$A$5:$S$80,19,FALSE),"未找到事件") -> 追问旧法会，保留判断 | E43: =SUMIFS($O$5:O42,$A$5:$A42,A43) -> 0 | F43: =SUMIFS($P$5:P42,$A$5:$A42,A43) -> 0 | G43: =SUMIFS($Q$5:Q42,$A$5:$A42,A43) -> 0 | H43: =SUMIFS($R$5:R42,$A$5:$A42,A43) -> 1 | I43: =SUMIFS($S$5:S42,$A$5:$A42,A43) -> 0 | J43: =SUMIFS($T$5:T42,$A$5:$A42,A43) -> 0 | K43: =SUMIFS($U$5:U42,$A$5:$A42,A43) -> 0 | L43: =SUMIFS($V$5:V42,$A$5:$A42,A43) -> 0 | M43: 无额外前置 | N43: =IF(COUNTIF('07数值索引'!$A$5:$A$80,C43)=1,"PASS","CHECK") -> PASS | O43: =SUMIF('07数值索引'!$A$5:$A$80,C43,'07数值索引'!$D$5:$D$80) -> 0 | P43: =SUMIF('07数值索引'!$A$5:$A$80,C43,'07数值索引'!$E$5:$E$80) -> 0 | Q43: =SUMIF('07数值索引'!$A$5:$A$80,C43,'07数值索引'!$F$5:$F$80) -> 0 | R43: =SUMIF('07数值索引'!$A$5:$A$80,C43,'07数值索引'!$G$5:$G$80) -> 0 | S43: =SUMIF('07数值索引'!$A$5:$A$80,C43,'07数值索引'!$M$5:$M$80) -> 0 | T43: =SUMIF('07数值索引'!$A$5:$A$80,C43,'07数值索引'!$H$5:$H$80) -> 0 | U43: =SUMIF('07数值索引'!$A$5:$A$80,C43,'07数值索引'!$I$5:$I$80) -> 0 | V43: =SUMIF('07数值索引'!$A$5:$A$80,C43,'07数值索引'!$J$5:$J$80) -> 0
A44: R04 | B44: 4 | C44: C-S03-O-I-R | D44: =IFERROR(VLOOKUP(C44,'07数值索引'!$A$5:$S$80,19,FALSE),"未找到事件") -> 他趁乱开后门放粮，主角没有暴露，也得到接头线索 | E44: =SUMIFS($O$5:O43,$A$5:$A43,A44) -> 0 | F44: =SUMIFS($P$5:P43,$A$5:$A43,A44) -> 0 | G44: =SUMIFS($Q$5:Q43,$A$5:$A43,A44) -> 0 | H44: =SUMIFS($R$5:R43,$A$5:$A43,A44) -> 1 | I44: =SUMIFS($S$5:S43,$A$5:$A43,A44) -> 0 | J44: =SUMIFS($T$5:T43,$A$5:$A43,A44) -> 0 | K44: =SUMIFS($U$5:U43,$A$5:$A43,A44) -> 0 | L44: =SUMIFS($V$5:V43,$A$5:$A43,A44) -> 0 | M44: 无额外前置 | N44: =IF(COUNTIF('07数值索引'!$A$5:$A$80,C44)=1,"PASS","CHECK") -> PASS | O44: =SUMIF('07数值索引'!$A$5:$A$80,C44,'07数值索引'!$D$5:$D$80) -> 1 | P44: =SUMIF('07数值索引'!$A$5:$A$80,C44,'07数值索引'!$E$5:$E$80) -> 0 | Q44: =SUMIF('07数值索引'!$A$5:$A$80,C44,'07数值索引'!$F$5:$F$80) -> 0 | R44: =SUMIF('07数值索引'!$A$5:$A$80,C44,'07数值索引'!$G$5:$G$80) -> 0 | S44: =SUMIF('07数值索引'!$A$5:$A$80,C44,'07数值索引'!$M$5:$M$80) -> 1 | T44: =SUMIF('07数值索引'!$A$5:$A$80,C44,'07数值索引'!$H$5:$H$80) -> 0 | U44: =SUMIF('07数值索引'!$A$5:$A$80,C44,'07数值索引'!$I$5:$I$80) -> 0 | V44: =SUMIF('07数值索引'!$A$5:$A$80,C44,'07数值索引'!$J$5:$J$80) -> 0
A45: R04 | B45: 5 | C45: S04-A02 | D45: =IFERROR(VLOOKUP(C45,'07数值索引'!$A$5:$S$80,19,FALSE),"未找到事件") -> 只承认与万清教有关 | E45: =SUMIFS($O$5:O44,$A$5:$A44,A45) -> 1 | F45: =SUMIFS($P$5:P44,$A$5:$A44,A45) -> 0 | G45: =SUMIFS($Q$5:Q44,$A$5:$A44,A45) -> 0 | H45: =SUMIFS($R$5:R44,$A$5:$A44,A45) -> 1 | I45: =SUMIFS($S$5:S44,$A$5:$A44,A45) -> 1 | J45: =SUMIFS($T$5:T44,$A$5:$A44,A45) -> 0 | K45: =SUMIFS($U$5:U44,$A$5:$A44,A45) -> 0 | L45: =SUMIFS($V$5:V44,$A$5:$A44,A45) -> 0 | M45: 无额外前置 | N45: =IF(COUNTIF('07数值索引'!$A$5:$A$80,C45)=1,"PASS","CHECK") -> PASS | O45: =SUMIF('07数值索引'!$A$5:$A$80,C45,'07数值索引'!$D$5:$D$80) -> 0 | P45: =SUMIF('07数值索引'!$A$5:$A$80,C45,'07数值索引'!$E$5:$E$80) -> 0 | Q45: =SUMIF('07数值索引'!$A$5:$A$80,C45,'07数值索引'!$F$5:$F$80) -> -1 | R45: =SUMIF('07数值索引'!$A$5:$A$80,C45,'07数值索引'!$G$5:$G$80) -> 0 | S45: =SUMIF('07数值索引'!$A$5:$A$80,C45,'07数值索引'!$M$5:$M$80) -> 0 | T45: =SUMIF('07数值索引'!$A$5:$A$80,C45,'07数值索引'!$H$5:$H$80) -> 0 | U45: =SUMIF('07数值索引'!$A$5:$A$80,C45,'07数值索引'!$I$5:$I$80) -> 0 | V45: =SUMIF('07数值索引'!$A$5:$A$80,C45,'07数值索引'!$J$5:$J$80) -> 0
A46: R04 | B46: 6 | C46: S04-B03 | D46: =IFERROR(VLOOKUP(C46,'07数值索引'!$A$5:$S$80,19,FALSE),"未找到事件") -> 用失忆切割过去与现在 | E46: =SUMIFS($O$5:O45,$A$5:$A45,A46) -> 1 | F46: =SUMIFS($P$5:P45,$A$5:$A45,A46) -> 0 | G46: =SUMIFS($Q$5:Q45,$A$5:$A45,A46) -> -1 | H46: =SUMIFS($R$5:R45,$A$5:$A45,A46) -> 1 | I46: =SUMIFS($S$5:S45,$A$5:$A45,A46) -> 1 | J46: =SUMIFS($T$5:T45,$A$5:$A45,A46) -> 0 | K46: =SUMIFS($U$5:U45,$A$5:$A45,A46) -> 0 | L46: =SUMIFS($V$5:V45,$A$5:$A45,A46) -> 0 | M46: 无额外前置 | N46: =IF(COUNTIF('07数值索引'!$A$5:$A$80,C46)=1,"PASS","CHECK") -> PASS | O46: =SUMIF('07数值索引'!$A$5:$A$80,C46,'07数值索引'!$D$5:$D$80) -> -2 | P46: =SUMIF('07数值索引'!$A$5:$A$80,C46,'07数值索引'!$E$5:$E$80) -> 0 | Q46: =SUMIF('07数值索引'!$A$5:$A$80,C46,'07数值索引'!$F$5:$F$80) -> -2 | R46: =SUMIF('07数值索引'!$A$5:$A$80,C46,'07数值索引'!$G$5:$G$80) -> 0 | S46: =SUMIF('07数值索引'!$A$5:$A$80,C46,'07数值索引'!$M$5:$M$80) -> 0 | T46: =SUMIF('07数值索引'!$A$5:$A$80,C46,'07数值索引'!$H$5:$H$80) -> 0 | U46: =SUMIF('07数值索引'!$A$5:$A$80,C46,'07数值索引'!$I$5:$I$80) -> 0 | V46: =SUMIF('07数值索引'!$A$5:$A$80,C46,'07数值索引'!$J$5:$J$80) -> 0
A47: R04 | B47: 7 | C47: K-LDG-KEEP | D47: =IFERROR(VLOOKUP(C47,'07数值索引'!$A$5:$S$80,19,FALSE),"未找到事件") -> 保留勒索、自保和销毁的可能 | E47: =SUMIFS($O$5:O46,$A$5:$A46,A47) -> -1 | F47: =SUMIFS($P$5:P46,$A$5:$A46,A47) -> 0 | G47: =SUMIFS($Q$5:Q46,$A$5:$A46,A47) -> -3 | H47: =SUMIFS($R$5:R46,$A$5:$A46,A47) -> 1 | I47: =SUMIFS($S$5:S46,$A$5:$A46,A47) -> 1 | J47: =SUMIFS($T$5:T46,$A$5:$A46,A47) -> 0 | K47: =SUMIFS($U$5:U46,$A$5:$A46,A47) -> 0 | L47: =SUMIFS($V$5:V46,$A$5:$A46,A47) -> 0 | M47: 无额外前置 | N47: =IF(COUNTIF('07数值索引'!$A$5:$A$80,C47)=1,"PASS","CHECK") -> PASS | O47: =SUMIF('07数值索引'!$A$5:$A$80,C47,'07数值索引'!$D$5:$D$80) -> -2 | P47: =SUMIF('07数值索引'!$A$5:$A$80,C47,'07数值索引'!$E$5:$E$80) -> 0 | Q47: =SUMIF('07数值索引'!$A$5:$A$80,C47,'07数值索引'!$F$5:$F$80) -> 0 | R47: =SUMIF('07数值索引'!$A$5:$A$80,C47,'07数值索引'!$G$5:$G$80) -> 0 | S47: =SUMIF('07数值索引'!$A$5:$A$80,C47,'07数值索引'!$M$5:$M$80) -> 0 | T47: =SUMIF('07数值索引'!$A$5:$A$80,C47,'07数值索引'!$H$5:$H$80) -> 0 | U47: =SUMIF('07数值索引'!$A$5:$A$80,C47,'07数值索引'!$I$5:$I$80) -> 1 | V47: =SUMIF('07数值索引'!$A$5:$A$80,C47,'07数值索引'!$J$5:$J$80) -> 0
A48: R04 | B48: 8 | C48: K-LTR-KEEP | D48: =IFERROR(VLOOKUP(C48,'07数值索引'!$A$5:$S$80,19,FALSE),"未找到事件") -> 保留自保筹码，不让真相抵达他人 | E48: =SUMIFS($O$5:O47,$A$5:$A47,A48) -> -3 | F48: =SUMIFS($P$5:P47,$A$5:$A47,A48) -> 0 | G48: =SUMIFS($Q$5:Q47,$A$5:$A47,A48) -> -3 | H48: =SUMIFS($R$5:R47,$A$5:$A47,A48) -> 1 | I48: =SUMIFS($S$5:S47,$A$5:$A47,A48) -> 1 | J48: =SUMIFS($T$5:T47,$A$5:$A47,A48) -> 0 | K48: =SUMIFS($U$5:U47,$A$5:$A47,A48) -> 1 | L48: =SUMIFS($V$5:V47,$A$5:$A47,A48) -> 0 | M48: 无额外前置 | N48: =IF(COUNTIF('07数值索引'!$A$5:$A$80,C48)=1,"PASS","CHECK") -> PASS | O48: =SUMIF('07数值索引'!$A$5:$A$80,C48,'07数值索引'!$D$5:$D$80) -> -1 | P48: =SUMIF('07数值索引'!$A$5:$A$80,C48,'07数值索引'!$E$5:$E$80) -> 0 | Q48: =SUMIF('07数值索引'!$A$5:$A$80,C48,'07数值索引'!$F$5:$F$80) -> 0 | R48: =SUMIF('07数值索引'!$A$5:$A$80,C48,'07数值索引'!$G$5:$G$80) -> 0 | S48: =SUMIF('07数值索引'!$A$5:$A$80,C48,'07数值索引'!$M$5:$M$80) -> 0 | T48: =SUMIF('07数值索引'!$A$5:$A$80,C48,'07数值索引'!$H$5:$H$80) -> 0 | U48: =SUMIF('07数值索引'!$A$5:$A$80,C48,'07数值索引'!$I$5:$I$80) -> 1 | V48: =SUMIF('07数值索引'!$A$5:$A$80,C48,'07数值索引'!$J$5:$J$80) -> 0
A49: R04 | B49: 9 | C49: K-SLV-TAKE | D49: =IFERROR(VLOOKUP(C49,'07数值索引'!$A$5:$S$80,19,FALSE),"未找到事件") -> 将赃款再次变成逃亡资本 | E49: =SUMIFS($O$5:O48,$A$5:$A48,A49) -> -4 | F49: =SUMIFS($P$5:P48,$A$5:$A48,A49) -> 0 | G49: =SUMIFS($Q$5:Q48,$A$5:$A48,A49) -> -3 | H49: =SUMIFS($R$5:R48,$A$5:$A48,A49) -> 1 | I49: =SUMIFS($S$5:S48,$A$5:$A48,A49) -> 1 | J49: =SUMIFS($T$5:T48,$A$5:$A48,A49) -> 0 | K49: =SUMIFS($U$5:U48,$A$5:$A48,A49) -> 2 | L49: =SUMIFS($V$5:V48,$A$5:$A48,A49) -> 0 | M49: 无额外前置 | N49: =IF(COUNTIF('07数值索引'!$A$5:$A$80,C49)=1,"PASS","CHECK") -> PASS | O49: =SUMIF('07数值索引'!$A$5:$A$80,C49,'07数值索引'!$D$5:$D$80) -> -2 | P49: =SUMIF('07数值索引'!$A$5:$A$80,C49,'07数值索引'!$E$5:$E$80) -> 0 | Q49: =SUMIF('07数值索引'!$A$5:$A$80,C49,'07数值索引'!$F$5:$F$80) -> -2 | R49: =SUMIF('07数值索引'!$A$5:$A$80,C49,'07数值索引'!$G$5:$G$80) -> 0 | S49: =SUMIF('07数值索引'!$A$5:$A$80,C49,'07数值索引'!$M$5:$M$80) -> 0 | T49: =SUMIF('07数值索引'!$A$5:$A$80,C49,'07数值索引'!$H$5:$H$80) -> 0 | U49: =SUMIF('07数值索引'!$A$5:$A$80,C49,'07数值索引'!$I$5:$I$80) -> 0 | V49: =SUMIF('07数值索引'!$A$5:$A$80,C49,'07数值索引'!$J$5:$J$80) -> 1
A50: R04 | B50: 10 | C50: K-SEAL-HIDE | D50: =IFERROR(VLOOKUP(C50,'07数值索引'!$A$5:$S$80,19,FALSE),"未找到事件") -> 没有立刻使用，却保留随时返回的可能 | E50: =SUMIFS($O$5:O49,$A$5:$A49,A50) -> -6 | F50: =SUMIFS($P$5:P49,$A$5:$A49,A50) -> 0 | G50: =SUMIFS($Q$5:Q49,$A$5:$A49,A50) -> -5 | H50: =SUMIFS($R$5:R49,$A$5:$A49,A50) -> 1 | I50: =SUMIFS($S$5:S49,$A$5:$A49,A50) -> 1 | J50: =SUMIFS($T$5:T49,$A$5:$A49,A50) -> 0 | K50: =SUMIFS($U$5:U49,$A$5:$A49,A50) -> 2 | L50: =SUMIFS($V$5:V49,$A$5:$A49,A50) -> 1 | M50: 无额外前置 | N50: =IF(COUNTIF('07数值索引'!$A$5:$A$80,C50)=1,"PASS","CHECK") -> PASS | O50: =SUMIF('07数值索引'!$A$5:$A$80,C50,'07数值索引'!$D$5:$D$80) -> -1 | P50: =SUMIF('07数值索引'!$A$5:$A$80,C50,'07数值索引'!$E$5:$E$80) -> 1 | Q50: =SUMIF('07数值索引'!$A$5:$A$80,C50,'07数值索引'!$F$5:$F$80) -> 0 | R50: =SUMIF('07数值索引'!$A$5:$A$80,C50,'07数值索引'!$G$5:$G$80) -> 0 | S50: =SUMIF('07数值索引'!$A$5:$A$80,C50,'07数值索引'!$M$5:$M$80) -> 0 | T50: =SUMIF('07数值索引'!$A$5:$A$80,C50,'07数值索引'!$H$5:$H$80) -> 0 | U50: =SUMIF('07数值索引'!$A$5:$A$80,C50,'07数值索引'!$I$5:$I$80) -> 0 | V50: =SUMIF('07数值索引'!$A$5:$A$80,C50,'07数值索引'!$J$5:$J$80) -> 0
A51: R04 | B51: 11 | C51: SYS-WEI | D51: =IFERROR(VLOOKUP(C51,'07数值索引'!$A$5:$S$80,19,FALSE),"未找到事件") -> 魏先进入县城，所有路线固定增加一次追捕压力 | E51: =SUMIFS($O$5:O50,$A$5:$A50,A51) -> -7 | F51: =SUMIFS($P$5:P50,$A$5:$A50,A51) -> 1 | G51: =SUMIFS($Q$5:Q50,$A$5:$A50,A51) -> -5 | H51: =SUMIFS($R$5:R50,$A$5:$A50,A51) -> 1 | I51: =SUMIFS($S$5:S50,$A$5:$A50,A51) -> 1 | J51: =SUMIFS($T$5:T50,$A$5:$A50,A51) -> 0 | K51: =SUMIFS($U$5:U50,$A$5:$A50,A51) -> 2 | L51: =SUMIFS($V$5:V50,$A$5:$A50,A51) -> 1 | M51: 无额外前置 | N51: =IF(COUNTIF('07数值索引'!$A$5:$A$80,C51)=1,"PASS","CHECK") -> PASS | O51: =SUMIF('07数值索引'!$A$5:$A$80,C51,'07数值索引'!$D$5:$D$80) -> 0 | P51: =SUMIF('07数值索引'!$A$5:$A$80,C51,'07数值索引'!$E$5:$E$80) -> 0 | Q51: =SUMIF('07数值索引'!$A$5:$A$80,C51,'07数值索引'!$F$5:$F$80) -> 0 | R51: =SUMIF('07数值索引'!$A$5:$A$80,C51,'07数值索引'!$G$5:$G$80) -> 1 | S51: =SUMIF('07数值索引'!$A$5:$A$80,C51,'07数值索引'!$M$5:$M$80) -> 0 | T51: =SUMIF('07数值索引'!$A$5:$A$80,C51,'07数值索引'!$H$5:$H$80) -> 0 | U51: =SUMIF('07数值索引'!$A$5:$A$80,C51,'07数值索引'!$I$5:$I$80) -> 0 | V51: =SUMIF('07数值索引'!$A$5:$A$80,C51,'07数值索引'!$J$5:$J$80) -> 0
A52: R04 | B52: 12 | C52: ACT-ESCAPE | D52: =IFERROR(VLOOKUP(C52,'07数值索引'!$A$5:$S$80,19,FALSE),"未找到事件") -> 藏证携银独自逃亡，但没有再次利用阿禾 | E52: =SUMIFS($O$5:O51,$A$5:$A51,A52) -> -7 | F52: =SUMIFS($P$5:P51,$A$5:$A51,A52) -> 1 | G52: =SUMIFS($Q$5:Q51,$A$5:$A51,A52) -> -5 | H52: =SUMIFS($R$5:R51,$A$5:$A51,A52) -> 2 | I52: =SUMIFS($S$5:S51,$A$5:$A51,A52) -> 1 | J52: =SUMIFS($T$5:T51,$A$5:$A51,A52) -> 0 | K52: =SUMIFS($U$5:U51,$A$5:$A51,A52) -> 2 | L52: =SUMIFS($V$5:V51,$A$5:$A51,A52) -> 1 | M52: 无额外前置 | N52: =IF(COUNTIF('07数值索引'!$A$5:$A$80,C52)=1,"PASS","CHECK") -> PASS | O52: =SUMIF('07数值索引'!$A$5:$A$80,C52,'07数值索引'!$D$5:$D$80) -> -2 | P52: =SUMIF('07数值索引'!$A$5:$A$80,C52,'07数值索引'!$E$5:$E$80) -> 0 | Q52: =SUMIF('07数值索引'!$A$5:$A$80,C52,'07数值索引'!$F$5:$F$80) -> -2 | R52: =SUMIF('07数值索引'!$A$5:$A$80,C52,'07数值索引'!$G$5:$G$80) -> 1 | S52: =SUMIF('07数值索引'!$A$5:$A$80,C52,'07数值索引'!$M$5:$M$80) -> 0 | T52: =SUMIF('07数值索引'!$A$5:$A$80,C52,'07数值索引'!$H$5:$H$80) -> 0 | U52: =SUMIF('07数值索引'!$A$5:$A$80,C52,'07数值索引'!$I$5:$I$80) -> 0 | V52: =SUMIF('07数值索引'!$A$5:$A$80,C52,'07数值索引'!$J$5:$J$80) -> 0
